name,line,over,under
Amir Coffey Turnovers,0.5,539,-1400
Danuel House Jr. Three Points Made,0.5,190,-292
Danuel House Jr. Turnovers,0.5,357,-677
De'Anthony Melton Points,9.5,32.66666667,-136
De'Anthony Melton Rebounds,4.5,-122.4285714,-78.57142857
De'Anthony Melton Assists,2.5,-129.6,-19.2
De'Anthony Melton Points + Rebounds + Assists,19.5,30,-124.6666667
De'Anthony Melton Points + Rebounds,16.5,-115,-115
De'Anthony Melton Points + Assists,10.5,-138,-104
De'Anthony Melton Rebounds + Assists,6.5,103,-148
De'Anthony Melton Three Points Made,2.5,126.5,-160.5
De'Anthony Melton Blocks,0.5,190,-292
De'Anthony Melton Steals,0.5,-222,150
De'Anthony Melton Steals + Blocks,1.5,122,-177
De'Anthony Melton Turnovers,0.5,-163,113
Furkan Korkmaz Three Points Made,0.5,499,-1200
Furkan Korkmaz Turnovers,0.5,477,-1100
Georges Niang Three Points Made,0.5,-187,128
Georges Niang Turnovers,0.5,167,-252
Georges Niang Points,6.5,-126.5,0.5
Ivica Zubac Points,7.5,-113.6666667,-115.3333333
Ivica Zubac Rebounds,8.5,60.8,-127.6
Ivica Zubac Assists,1.5,122,-177
Ivica Zubac Points + Rebounds + Assists,17.5,-107.5,-118.5
Ivica Zubac Points + Rebounds,16.5,105,-135
Ivica Zubac Points + Assists,9.5,113,-163
Ivica Zubac Rebounds + Assists,13.5,-140,-103
Ivica Zubac Blocks,2.5,122,-177
Ivica Zubac Steals,0.5,291,-502
Ivica Zubac Steals + Blocks,2.5,-128,-112
Ivica Zubac Turnovers,0.5,-136,-106
Ivica Zubac Three Points Made,0.5,3500,-5000000
James Harden Points,20.5,-108.3333333,-118.6666667
James Harden Rebounds,5.5,-28,-125.8
James Harden Assists,9.5,20.4,-129.2
James Harden Points + Rebounds + Assists,35.5,-113.3333333,-113.3333333
James Harden Points + Rebounds,24.5,-118,-122
James Harden Points + Assists,32.5,-110,-130
James Harden Rebounds + Assists,18.5,-106,-136
James Harden Three Points Made,2.5,122,-161.2
James Harden Blocks,0.5,236,-382
James Harden Steals,1.5,-130,-110
James Harden Steals + Blocks,1.5,-212,144
James Harden Turnovers,1.5,-202,138
Joel Embiid Points,30.5,-110.8,-116
Joel Embiid Rebounds,10.5,109,-139
Joel Embiid Assists,3.5,-30,-6.8
Joel Embiid Points + Rebounds + Assists,44.5,-117.4,-109.4
Joel Embiid Points + Rebounds,41.5,-105,-125
Joel Embiid Points + Assists,34.5,-115,-115
Joel Embiid Rebounds + Assists,13.5,107,-154
Joel Embiid Three Points Made,1.5,107,-154
Joel Embiid Blocks,1.5,-142,-101
Joel Embiid Steals,0.5,-112,-128
Joel Embiid Steals + Blocks,2.5,111,-160
Joel Embiid Turnovers,2.5,-151,105
Kawhi Leonard Points,18.5,-124.8,58
Kawhi Leonard Rebounds,6.5,105.8,-135
Kawhi Leonard Assists,3.5,-124.2,-104.2
Kawhi Leonard Points + Rebounds + Assists,29.5,-107.6,-119.6
Kawhi Leonard Points + Rebounds,25.5,-125,-105
Kawhi Leonard Points + Assists,25.5,-110,-130
Kawhi Leonard Rebounds + Assists,9.5,-140,103
Kawhi Leonard Three Points Made,1.5,120,-155
Kawhi Leonard Blocks,0.5,269,-452
Kawhi Leonard Steals,0.5,-116,-124
Kawhi Leonard Steals + Blocks,0.5,-182,125
Kawhi Leonard Turnovers,2.5,144,-212
Luke Kennard Points,12.5,-2,-136
Luke Kennard Points + Rebounds + Assists,19.5,-157,109
Luke Kennard Points + Assists,16.5,-104,-138
Luke Kennard Points + Rebounds,16.5,107,-154
Luke Kennard Three Points Made,3.5,162,-242
Luke Kennard Turnovers,0.5,-107,-134
Marcus Morris Points,8.5,-135,105
Marcus Morris Rebounds,4.5,5,-132
Marcus Morris Points + Rebounds,15.5,-130,-100
Marcus Morris Sr. Points,11.5,-108.4,-118
Marcus Morris Sr. Rebounds,4.5,113.5,-145.5
Marcus Morris Sr. Assists,1.5,-145,101
Marcus Morris Sr. Points + Rebounds + Assists,17.5,-106.8,-122.8
Marcus Morris Sr. Points + Rebounds,15.5,-112,-128
Marcus Morris Sr. Points + Assists,11.5,-124,-116
Marcus Morris Sr. Rebounds + Assists,7.5,-103,-140
Marcus Morris Sr. Three Points Made,1.5,59.4,-95.8
Marcus Morris Sr. Blocks,1.5,365,-700
Marcus Morris Sr. Steals,0.5,156,-232
Marcus Morris Sr. Steals + Blocks,1.5,107,-154
Marcus Morris Sr. Turnovers,1.5,138,-202
Matisse Thybulle Three Points Made,0.5,291,-502
Matisse Thybulle Turnovers,0.5,453,-1000
Montrezl Harrell Turnovers,1.5,201,-312
Moses Brown Turnovers,0.5,397,-800
Nicolas Batum Rebounds,3.5,1.5,-140
Nicolas Batum Points + Rebounds,10.5,-101,-135
Nicolas Batum Rebounds + Assists,5.5,109,-157
Nicolas Batum Turnovers,0.5,131,-192
Nicolas Batum Three Points Made,0.5,-177,122
Nicolas Batum Steals + Blocks,1.5,-252,167
Norman Powell Points,20.5,-116,-119
Norman Powell Points + Rebounds,24.5,-112,-128
Norman Powell Points + Rebounds + Assists,28.5,-116,-124
Norman Powell Points + Assists,24.5,-124,-116
Norman Powell Three Points Made,2.5,-197,134
Norman Powell Turnovers,3.5,162,-242
P.J Tucker Rebounds,4.5,-128,104
P.J. Tucker Points,1.5,-202,138
P.J. Tucker Rebounds,2.5,-136,-106
P.J. Tucker Assists,0.5,131,-192
P.J. Tucker Points + Rebounds + Assists,5.5,-101,-142
P.J. Tucker Points + Rebounds,4.5,-134,-107
P.J. Tucker Points + Assists,2.5,-112,-128
P.J. Tucker Rebounds + Assists,3.5,117,-169
P.J. Tucker Three Points Made,0.5,156,-232
P.J. Tucker Blocks,0.5,427,-900
P.J. Tucker Steals,1.5,162,-242
P.J. Tucker Steals + Blocks,1.5,117,-169
P.J. Tucker Turnovers,0.5,184,-282
Paul George Points,21.5,-121,-107
Paul George Rebounds,6.5,65.2,-135.2
Paul George Assists,4.5,-18.25,-19.25
Paul George Points + Rebounds + Assists,32.5,-111.6666667,-116.3333333
Paul George Points + Rebounds,27.5,-115,-115
Paul George Points + Assists,26.5,-115,-115
Paul George Rebounds + Assists,9.5,-148,103
Paul George Three Points Made,2.5,109,-138
Paul George Blocks,0.5,246,-402
Paul George Steals,0.5,-160,111
Paul George Steals + Blocks,0.5,-252,167
Paul George Turnovers,1.5,-202,138
Paul Reed Turnovers,0.5,477,-1100
Reggie Jackson Points,8.5,-155.5,112.5
Reggie Jackson Rebounds,1.5,105.5,-145.5
Reggie Jackson Assists,2.5,-146,105.5
Reggie Jackson Points + Rebounds + Assists,17.5,-105,-125
Reggie Jackson Points + Rebounds,10.5,-118,-122
Reggie Jackson Points + Assists,11.5,-140,-103
Reggie Jackson Rebounds + Assists,4.5,107,-154
Reggie Jackson Three Points Made,0.5,-172,119
Reggie Jackson Blocks,0.5,453,-1000
Reggie Jackson Steals,0.5,150,-222
Reggie Jackson Steals + Blocks,0.5,111,-160
Reggie Jackson Turnovers,1.5,119,-172
Robert Covington Three Points Made,0.5,499,-1200
Robert Covington Turnovers,0.5,477,-1100
Shake Milton Points,8.5,-115.5,-119.5
Shake Milton Points + Rebounds + Assists,13.5,-120,-120
Shake Milton Points + Rebounds,10.5,-151,105
Shake Milton Points + Assists,10.5,-138,-104
Shake Milton Rebounds + Assists,5.5,107,-154
Shake Milton Three Points Made,0.5,144,-212
Shake Milton Turnovers,0.5,-104,-138
Shake Milton Assists,1.5,100,-132
Terance Mann Three Points Made,1.5,156,-232
Terance Mann Turnovers,0.5,-116,-124
Terance Mann Points,6.5,-152,114
Terance Mann Rebounds,2.5,-180,134
Tobias Harris Points,15.5,-118.8,-67.6
Tobias Harris Rebounds,5.5,-90,-111.1428571
Tobias Harris Assists,2.5,135.4,-174.8
Tobias Harris Points + Rebounds + Assists,23.5,-119,-107.5
Tobias Harris Points + Rebounds,19.5,-134,-107
Tobias Harris Points + Assists,17.5,-120,-120
Tobias Harris Rebounds + Assists,8.5,-9,-126
Tobias Harris Three Points Made,2.5,156.4,-208.4
Tobias Harris Blocks,0.5,246,-402
Tobias Harris Steals,0.5,-110,-130
Tobias Harris Steals + Blocks,0.5,-187,128
Tobias Harris Turnovers,0.5,-126,-114
Admiral Schofield Three Points Made,0.5,477,-1100
Admiral Schofield Turnovers,0.5,412,-850
Bol Bol Points,9.5,-117.2,-108.8
Bol Bol Rebounds,6.5,106.4,-134.4
Bol Bol Assists,0.5,-166,115
Bol Bol Points + Rebounds + Assists,17.5,-112,-113.5
Bol Bol Points + Rebounds,16.5,-105,-125
Bol Bol Points + Assists,21.5,-103,-140
Bol Bol Rebounds + Assists,6.5,-154,107
Bol Bol Three Points Made,2.5,156,-232
Bol Bol Blocks,1.5,-160,111
Bol Bol Steals,1.5,156,-232
Bol Bol Steals + Blocks,3.5,144,-212
Bol Bol Turnovers,1.5,-160,111
Charles Bassey Turnovers,0.5,499,-1200
Cole Anthony Points,10.5,-132,-37
Cole Anthony Rebounds,3.5,-161,49.33333333
Cole Anthony Assists,3.5,10.5,-156
Cole Anthony Points + Rebounds + Assists,17.5,-126.5,-109.5
Cole Anthony Points + Rebounds,14.5,-17.5,-119
Cole Anthony Points + Assists,13.5,-138,-104
Cole Anthony Rebounds + Assists,6.5,-163,113
Cole Anthony Three Points Made,1.5,-118,-122
Cole Anthony Turnovers,1.5,-182,125
Devin Vassell Assists,2.5,-167.4285714,128.4285714
Devin Vassell Points,18.5,-80.83333333,-79.16666667
Devin Vassell Steals + Blocks,2.5,-212,144
Devin Vassell Rebounds,4.5,18.2,-125.4
Devin Vassell Points + Rebounds + Assists,26.5,-106,-120.5
Devin Vassell Points + Assists,21.5,-110,-120
Devin Vassell Points + Rebounds,21.5,-140,-103
Devin Vassell Rebounds + Assists,5.5,-122,-118
Devin Vassell Three Points Made,2.5,-107,-119.5
Devin Vassell Blocks,0.5,291,-502
Devin Vassell Steals,2.5,-138,-104
Devin Vassell Turnovers,0.5,-192,131
Doug McDermott Points,8.5,-115,-115
Doug McDermott Points + Rebounds,13.5,105,-151
Doug McDermott Three Points Made,2.5,-212,144
Doug McDermott Turnovers,0.5,125,-182
Franz Wagner Points,18.5,-114.8571429,-114.2857143
Franz Wagner Assists,2.5,-108.2,-119
Franz Wagner Rebounds,3.5,-161.8,126.2
Franz Wagner Points + Rebounds + Assists,25.5,-112.8,-113.2
Franz Wagner Points + Assists,21.5,-115,-115
Franz Wagner Points + Rebounds,21.5,-107,-134
Franz Wagner Rebounds + Assists,6.5,-111,-124.5
Franz Wagner Three Points Made,1.5,103,-129.5
Franz Wagner Steals + Blocks,0.5,-136,-106
Franz Wagner Blocks,0.5,321,-577
Franz Wagner Steals,0.5,115,-166
Franz Wagner Turnovers,2.5,156,-232
Gary Harris Three Points Made,0.5,-114,-126
Gary Harris Turnovers,1.5,184,-282
Gary Harris Points,6.5,-105,-115
Isaiah Roby Turnovers,0.5,499,-1200
Jakob Poeltl Points,10.5,-122.8,-24
Jakob Poeltl Rebounds,8.5,21.4,-129.4
Jakob Poeltl Points + Rebounds,19.5,-105,-125
Jakob Poeltl Assists,1.5,134,-197
Jakob Poeltl Points + Rebounds + Assists,21.5,-113.5,-112
Jakob Poeltl Points + Assists,9.5,-134,-107
Jakob Poeltl Rebounds + Assists,7.5,-107,-134
Jakob Poeltl Blocks,1.5,-142,-101
Jakob Poeltl Steals,0.5,156,-232
Jakob Poeltl Steals + Blocks,2.5,156,-232
Jakob Poeltl Turnovers,0.5,-197,134
Jakob Poeltl Three Points Made,0.5,2500,-1000000
Jeremy Sochan Points,9.5,-40.16666667,-120.8333333
Jeremy Sochan Rebounds,4.5,-130.6,63
Jeremy Sochan Points + Rebounds,18.5,-151,105
Jeremy Sochan Assists,4.5,-120,-120
Jeremy Sochan Points + Rebounds + Assists,16.5,-116,-110
Jeremy Sochan Points + Assists,15.5,-116,-124
Jeremy Sochan Rebounds + Assists,12.5,-138,-104
Jeremy Sochan Three Points Made,0.5,195,-302
Jeremy Sochan Blocks,0.5,156,-232
Jeremy Sochan Steals,0.5,122,-177
Jeremy Sochan Steals + Blocks,0.5,-182,125
Jeremy Sochan Turnovers,1.5,-222,150
Josh Richardson Points,8.5,-122,-60
Josh Richardson Points + Rebounds + Assists,12.5,-104,-138
Josh Richardson Points + Rebounds,11.5,-104,-138
Josh Richardson Points + Assists,11.5,113,-163
Josh Richardson Three Points Made,0.5,-163,113
Josh Richardson Turnovers,0.5,-120,-120
Keita Bates-Diop Three Points Made,0.5,477,-1100
Keita Bates-Diop Turnovers,0.5,365,-700
Keldon Johnson Points,20.5,-121.6,-106
Keldon Johnson Rebounds,5.5,18.2,-126.2
Keldon Johnson Steals + Blocks,1.5,-132,-109
Keldon Johnson Three Points Made,2.5,115,-148
Keldon Johnson Points + Rebounds,25.5,-120,-110
Keldon Johnson Assists,2.5,-104,-138
Keldon Johnson Points + Rebounds + Assists,28.5,-125,100
Keldon Johnson Points + Assists,26.5,101,-145
Keldon Johnson Rebounds + Assists,7.5,111,-160
Keldon Johnson Blocks,0.5,453,-1000
Keldon Johnson Steals,1.5,103,-148
Keldon Johnson Turnovers,2.5,122,-177
Kevon Harris Three Points Made,0.5,499,-1200
Kevon Harris Turnovers,0.5,477,-1100
Malaki Branham Three Points Made,0.5,138,-202
Malaki Branham Turnovers,0.5,138,-202
Markelle Fultz Points,12.5,-115.4,-111.4
Markelle Fultz Assists,5.5,-126.8,-21.6
Markelle Fultz Rebounds,3.5,-130.4,62.4
Markelle Fultz Points + Rebounds + Assists,22.5,-111,-118.3333333
Markelle Fultz Points + Assists,17.5,-114,-126
Markelle Fultz Points + Rebounds,16.5,-106.5,-130
Markelle Fultz Rebounds + Assists,9.5,-100,-130
Markelle Fultz Steals + Blocks,1.5,-177,122
Markelle Fultz Three Points Made,0.5,226,-362
Markelle Fultz Blocks,0.5,340,-627
Markelle Fultz Steals,1.5,-126,-114
Markelle Fultz Turnovers,2.5,111,-160
Mo Bamba Points + Rebounds + Assists,12.5,-126,-114
Mo Bamba Three Points Made,0.5,111,-160
Mo Bamba Rebounds,4.5,-128,-112
Mo Bamba Points + Rebounds,10.5,-124,-116
Mo Bamba Rebounds + Assists,5.5,-120,-120
Mo Bamba Turnovers,0.5,184,-282
Moritz Wagner Points,11.5,-115,-119
Moritz Wagner Rebounds,9.5,127,-177.5
Moritz Wagner Assists,1.5,162,-242
Moritz Wagner Points + Rebounds + Assists,21.5,-140,-103
Moritz Wagner Points + Assists,12.5,-128,-112
Moritz Wagner Points + Rebounds,17.5,-115,-115
Moritz Wagner Three Points Made,0.5,-145,101
Moritz Wagner Blocks,0.5,246,-402
Moritz Wagner Rebounds + Assists,10.5,105,-151
Moritz Wagner Steals,0.5,138,-202
Moritz Wagner Steals + Blocks,0.5,-126,-114
Moritz Wagner Turnovers,1.5,-160,111
Paolo Banchero Points,20.5,-121.2,-105.6
Paolo Banchero Assists,4.5,130,-165
Paolo Banchero Rebounds,6.5,-6.4,-30.8
Paolo Banchero Points + Rebounds + Assists,31.5,-6,-119.5
Paolo Banchero Points + Assists,25.5,-115,-115
Paolo Banchero Points + Rebounds,25.5,-106,-136
Paolo Banchero Rebounds + Assists,10.5,-117.5,-117.5
Paolo Banchero Three Points Made,1.5,61,-100
Paolo Banchero Steals + Blocks,1.5,-242,162
Paolo Banchero Blocks,0.5,144,-212
Paolo Banchero Steals,1.5,-107,-134
Paolo Banchero Turnovers,3.5,-128,-112
Romeo Langford Three Points Made,0.5,440,-950
Romeo Langford Turnovers,0.5,291,-502
Stanley Johnson Three Points Made,0.5,321,-577
Stanley Johnson Turnovers,0.5,258,-427
Terrence Ross Three Points Made,0.5,103,-148
Terrence Ross Turnovers,1.5,184,-282
Tre Jones Assists,5.5,-151.6666667,120.3333333
Tre Jones Points,12.5,-105,-122.2
Tre Jones Steals + Blocks,1.5,-222,150
Tre Jones Rebounds,3.5,-22.2,-125
Tre Jones Points + Rebounds + Assists,22.5,101.6666667,-129.6666667
Tre Jones Points + Assists,18.5,-105,-125
Tre Jones Points + Rebounds,15.5,-120,-110
Tre Jones Rebounds + Assists,9.5,-115,-115
Tre Jones Three Points Made,1.5,122,-177
Tre Jones Blocks,0.5,539,-1400
Tre Jones Steals,1.5,-182,125
Tre Jones Turnovers,4.5,122,-177
Wendell Carter Rebounds,5.5,-142,116
Wendell Carter Points,10.5,-110,-115
Wendell Carter Points + Rebounds,17.5,105,-135
Wendell Carter Jr. Points,10.5,107,-154
Wendell Carter Jr. Rebounds,5.5,-130,-110
Wendell Carter Jr. Points + Rebounds + Assists,17.5,103,-148
Wendell Carter Jr. Points + Assists,11.5,-106,-136
Wendell Carter Jr. Points + Rebounds,15.5,-145,101
Wendell Carter Jr. Rebounds + Assists,6.5,-145,101
Wendell Carter Jr. Three Points Made,0.5,117,-169
Wendell Carter Jr. Turnovers,1.5,-124,-116
Zach Collins Points,7.5,-119.5,-106.5
Zach Collins Rebounds,6.5,122,-177
Zach Collins Points + Rebounds + Assists,17.5,101,-145
Zach Collins Points + Rebounds,14.5,-140,-103
Zach Collins Rebounds + Assists,8.5,-112,-128
Zach Collins Three Points Made,0.5,246,-402
Zach Collins Turnovers,0.5,-197,134
Al Horford Points,8.5,-109.3333333,-118
Al Horford Rebounds,6.5,-116.8,-31.6
Al Horford Assists,2.5,-139.4285714,48.85714286
Al Horford Points + Rebounds + Assists,17.5,-125,100
Al Horford Points + Rebounds,12.5,-148,103
Al Horford Points + Assists,9.5,-151,105
Al Horford Rebounds + Assists,9.5,-115,-115
Al Horford Three Points Made,1.5,-140.8,68.4
Al Horford Blocks,1.5,-114,-126
Al Horford Steals,0.5,-112,-128
Al Horford Steals + Blocks,2.5,128,-187
Al Horford Turnovers,0.5,-120,-120
Anthony Edwards Points,23.5,-112.8,-114
Anthony Edwards Rebounds,5.5,-128,60.4
Anthony Edwards Assists,4.5,39.28571429,-127.8571429
Anthony Edwards Points + Rebounds + Assists,33.5,-121,-105
Anthony Edwards Points + Rebounds,26.5,-120,-120
Anthony Edwards Points + Assists,26.5,-112,-128
Anthony Edwards Rebounds + Assists,9.5,-120,-120
Anthony Edwards Three Points Made,2.5,122.5,-155.5
Anthony Edwards Blocks,1.5,107,-154
Anthony Edwards Steals,1.5,122,-177
Anthony Edwards Steals + Blocks,2.5,-163,113
Anthony Edwards Turnovers,2.5,-136,-106
Austin Rivers Points,9.5,-122.5,-113
Austin Rivers Rebounds,2.5,-122,-118
Austin Rivers Assists,1.5,-110,-130
Austin Rivers Points + Rebounds + Assists,13.5,-132,-109
Austin Rivers Points + Rebounds,12.5,-101,-142
Austin Rivers Points + Assists,11.5,103,-148
Austin Rivers Rebounds + Assists,4.5,117,-169
Austin Rivers Three Points Made,1.5,128,-187
Austin Rivers Blocks,0.5,453,-1000
Austin Rivers Steals,0.5,-182,125
Austin Rivers Steals + Blocks,0.5,-222,150
Austin Rivers Turnovers,0.5,-192,131
Bryn Forbes Three Points Made,0.5,-138,-104
Bryn Forbes Turnovers,0.5,-107,-134
D'Angelo Russell Points,17.5,-108.6,-119
D'Angelo Russell Rebounds,2.5,-157.6,123.4
D'Angelo Russell Assists,5.5,-136,107
D'Angelo Russell Points + Rebounds + Assists,26.5,-107.8,-119.4
D'Angelo Russell Points + Rebounds,26.5,-132,-109
D'Angelo Russell Points + Assists,29.5,-128,-112
D'Angelo Russell Rebounds + Assists,9.5,-105,-125
D'Angelo Russell Three Points Made,2.5,73,-109.8
D'Angelo Russell Blocks,1.5,184,-282
D'Angelo Russell Steals,0.5,-202,138
D'Angelo Russell Steals + Blocks,2.5,125,-182
D'Angelo Russell Turnovers,2.5,105,-151
Derrick White Points,12.5,-129,-8
Derrick White Rebounds,4.5,138,-202
Derrick White Assists,1.5,-202,138
Derrick White Points + Rebounds + Assists,18.5,-138,-104
Derrick White Points + Rebounds,16.5,-134,-107
Derrick White Points + Assists,14.5,-128,-112
Derrick White Rebounds + Assists,6.5,113,-163
Derrick White Three Points Made,0.5,-252,167
Derrick White Blocks,0.5,173,-262
Derrick White Steals,0.5,-106,-136
Derrick White Steals + Blocks,0.5,-202,138
Derrick White Turnovers,0.5,-154,107
Grant Williams Rebounds,3.5,-177,122
Grant Williams Points + Rebounds + Assists,13.5,-107,-134
Grant Williams Points + Rebounds,11.5,-148,103
Grant Williams Rebounds + Assists,5.5,-104,-138
Grant Williams Three Points Made,1.5,119,-172
Grant Williams Turnovers,0.5,-160,111
Grant Williams Points,7.5,-124.5,-1.5
Jaden McDaniels Points,10.5,-69.66666667,-127
Jaden McDaniels Rebounds,3.5,-132.4,-16.8
Jaden McDaniels Assists,1.5,150,-222
Jaden McDaniels Points + Rebounds + Assists,16.5,-118,-122
Jaden McDaniels Points + Rebounds,14.5,105,-135
Jaden McDaniels Points + Assists,11.5,-112,-128
Jaden McDaniels Rebounds + Assists,6.5,107,-154
Jaden McDaniels Three Points Made,0.5,-222,150
Jaden McDaniels Blocks,0.5,-182,125
Jaden McDaniels Steals,0.5,-148,103
Jaden McDaniels Steals + Blocks,1.5,-132,-109
Jaden McDaniels Turnovers,1.5,156,-232
Jaylen Brown Points,25.5,-114.8571429,-113.7142857
Jaylen Brown Rebounds,6.5,-137.8,108.2
Jaylen Brown Assists,3.5,-132.2857143,-42.85714286
Jaylen Brown Points + Rebounds + Assists,36.5,-109.8,-117
Jaylen Brown Points + Rebounds,32.5,-120,-110
Jaylen Brown Points + Assists,29.5,-113.5,-121.5
Jaylen Brown Rebounds + Assists,9.5,-140,-103
Jaylen Brown Three Points Made,2.5,-117.5,-108
Jaylen Brown Blocks,0.5,211,-332
Jaylen Brown Steals,0.5,-187,128
Jaylen Brown Steals + Blocks,1.5,144,-212
Jaylen Brown Turnovers,2.5,107,-154
Jaylen Nowell Points,12.5,-128,-104
Jaylen Nowell Points + Rebounds + Assists,17.5,-145,101
Jaylen Nowell Points + Rebounds,16.5,-100,-130
Jaylen Nowell Points + Assists,14.5,-140,-103
Jaylen Nowell Rebounds + Assists,5.5,111,-160
Jaylen Nowell Three Points Made,0.5,-222,150
Jaylen Nowell Turnovers,1.5,117,-169
Jaylen Nowell Rebounds,3.5,127.5,-160
Jayson Tatum Points,29.5,-123,-105
Jayson Tatum Rebounds,7.5,-132.6,61.2
Jayson Tatum Assists,4.5,109.4,-139
Jayson Tatum Points + Rebounds + Assists,42.5,-111.6666667,-115
Jayson Tatum Points + Rebounds,35.5,-109,-132
Jayson Tatum Points + Assists,32.5,-128,-112
Jayson Tatum Rebounds + Assists,12.5,-105,-125
Jayson Tatum Three Points Made,3.5,-111.5,-114
Jayson Tatum Blocks,0.5,-107,-134
Jayson Tatum Steals,1.5,-202,138
Jayson Tatum Steals + Blocks,2.5,-109,-132
Jayson Tatum Turnovers,3.5,107,-154
Josh Minott Turnovers,0.5,477,-1100
Luka Garza Turnovers,0.5,412,-850
Luke Kornet Three Points Made,0.5,340,-627
Luke Kornet Turnovers,0.5,138,-202
Malcolm Brogdon Points,14.5,-126,-114
Malcolm Brogdon Rebounds,4.5,105,-151
Malcolm Brogdon Assists,4.5,101,-145
Malcolm Brogdon Points + Rebounds + Assists,23.5,-107,-134
Malcolm Brogdon Points + Rebounds,18.5,-132,-109
Malcolm Brogdon Points + Assists,18.5,-142,-101
Malcolm Brogdon Rebounds + Assists,8.5,-126,-114
Malcolm Brogdon Three Points Made,1.5,-172,119
Malcolm Brogdon Turnovers,1.5,-151,105
Marcus Smart Assists,6.5,-139.6,68.4
Marcus Smart Rebounds,3.5,121.6666667,-154.3333333
Marcus Smart Points,12.5,-54,-90.71428571
Marcus Smart Points + Rebounds + Assists,22.5,-112.2,-115.8
Marcus Smart Points + Rebounds,17.5,-134,-107
Marcus Smart Points + Assists,18.5,-124.5,-110.5
Marcus Smart Rebounds + Assists,9.5,-140,110
Marcus Smart Three Points Made,1.5,-153.5,120
Marcus Smart Blocks,0.5,226,-362
Marcus Smart Steals,0.5,-202,138
Marcus Smart Steals + Blocks,1.5,150,-222
Marcus Smart Turnovers,1.5,-177,122
Matt Ryan Three Points Made,0.5,453,-1000
Matt Ryan Turnovers,0.5,382,-750
Nathan Knight Turnovers,0.5,190,-292
Naz Reid Points,8.5,-123,-42.33333333
Naz Reid Rebounds,4.5,-142.6666667,108
Naz Reid Points + Rebounds + Assists,14.5,-136,-106
Naz Reid Points + Rebounds,13.5,-140,-103
Naz Reid Rebounds + Assists,5.5,-154,107
Naz Reid Three Points Made,0.5,-172,119
Naz Reid Turnovers,1.5,156,-232
Payton Pritchard Three Points Made,0.5,321,-577
Payton Pritchard Turnovers,0.5,382,-750
Rudy Gobert Points,12.5,-119.6666667,-114.3333333
Rudy Gobert Rebounds,12.5,-120.5,-115
Rudy Gobert Assists,1.5,-124,-116
Rudy Gobert Points + Rebounds + Assists,26.5,-138,-104
Rudy Gobert Points + Rebounds,25.5,-110,-130
Rudy Gobert Points + Assists,14.5,-107,-134
Rudy Gobert Rebounds + Assists,14.5,-104,-138
Rudy Gobert Blocks,0.5,-232,156
Rudy Gobert Steals,0.5,-114,-126
Rudy Gobert Steals + Blocks,1.5,-134,-107
Rudy Gobert Turnovers,3.5,-101,-142
Rudy Gobert Three Points Made,0.5,1400,-62000
Sam Hauser Three Points Made,1.5,138,-202
Sam Hauser Turnovers,0.5,184,-282
Wendell Moore Jr. Three Points Made,0.5,365,-700
Wendell Moore Jr. Turnovers,0.5,190,-292
Andre Drummond Rebounds,5.5,-163,113
Andre Drummond Points + Rebounds + Assists,12.5,-126,-114
Andre Drummond Points + Rebounds,11.5,-134,-107
Andre Drummond Rebounds + Assists,6.5,-148,103
Andre Drummond Steals + Blocks,1.5,138,-202
Andre Drummond Turnovers,0.5,-182,125
Ayo Dosunmu Points,8.5,-141,107
Ayo Dosunmu Rebounds,2.5,-110,-120
Ayo Dosunmu Assists,2.5,9,-150
Ayo Dosunmu Points + Rebounds + Assists,15.5,-115,-115
Ayo Dosunmu Points + Rebounds,12.5,-120,-110
Ayo Dosunmu Points + Assists,12.5,-105,-125
Ayo Dosunmu Rebounds + Assists,6.5,120,-150
Carlik Jones Turnovers,0.5,340,-627
Coby White Points,9.5,-133,-5
Coby White Rebounds,3.5,125,-182
Coby White Points + Rebounds + Assists,15.5,-120,-120
Coby White Points + Rebounds,13.5,-103,-140
Coby White Points + Assists,12.5,-110,-130
Coby White Rebounds + Assists,5.5,-110,-130
Coby White Three Points Made,1.5,-166,115
Coby White Turnovers,1.5,162,-242
Dalen Terry Three Points Made,0.5,427,-900
Dalen Terry Turnovers,0.5,219,-347
DeMar DeRozan Points,25.5,-114.3333333,-112.6666667
DeMar DeRozan Rebounds,5.5,106,-133.6
DeMar DeRozan Assists,4.5,-29,-117.8
DeMar DeRozan Points + Rebounds + Assists,35.5,-116.8,-109.6
DeMar DeRozan Points + Rebounds,31.5,-113.5,-121.5
DeMar DeRozan Points + Assists,32.5,-124,-116
DeMar DeRozan Rebounds + Assists,9.5,-135,105
DeMar DeRozan Three Points Made,1.5,184,-282
DeMar DeRozan Blocks,0.5,184,-282
DeMar DeRozan Steals,1.5,-148,103
DeMar DeRozan Steals + Blocks,1.5,-252,167
DeMar DeRozan Turnovers,1.5,-163,113
Goran Dragic Points,7.5,-110,-120
Goran Dragic Points + Assists,10.5,-106,-129
Goran Dragic Three Points Made,0.5,-187,128
Goran Dragic Turnovers,1.5,138,-202
Immanuel Quickley Points,10.5,-135,105
Immanuel Quickley Rebounds,3.5,125,-182
Immanuel Quickley Points + Rebounds + Assists,17.5,-138,-104
Immanuel Quickley Points + Rebounds,15.5,-104,-138
Immanuel Quickley Points + Assists,14.5,-128,-112
Immanuel Quickley Rebounds + Assists,5.5,-142,-101
Immanuel Quickley Three Points Made,1.5,-134,-107
Immanuel Quickley Turnovers,1.5,111,-160
Isaiah Hartenstein Rebounds,6.5,113,-163
Isaiah Hartenstein Points + Rebounds + Assists,12.5,103,-148
Isaiah Hartenstein Points + Rebounds,10.5,-151,105
Isaiah Hartenstein Rebounds + Assists,7.5,107,-154
Isaiah Hartenstein Three Points Made,0.5,236,-382
Isaiah Hartenstein Steals + Blocks,1.5,150,-222
Isaiah Hartenstein Turnovers,0.5,-142,-101
Jalen Brunson Points,22.5,-119,-28.2
Jalen Brunson Rebounds,3.5,55.85714286,-147
Jalen Brunson Assists,6.5,22,-130
Jalen Brunson Points + Rebounds + Assists,32.5,-115.5,-110.5
Jalen Brunson Points + Rebounds,25.5,-115,-115
Jalen Brunson Points + Assists,26.5,-138,-104
Jalen Brunson Rebounds + Assists,9.5,-115,-115
Jalen Brunson Three Points Made,1.5,112.2,-147.2
Jalen Brunson Blocks,0.5,440,-950
Jalen Brunson Steals,0.5,-169,117
Jalen Brunson Steals + Blocks,0.5,-222,150
Jalen Brunson Turnovers,2.5,-192,131
Jericho Sims Rebounds,3.5,119,-172
Jericho Sims Turnovers,0.5,156,-232
Julius Randle Points,24.5,-118.5,-108.1666667
Julius Randle Rebounds,10.5,-19.6,-132.2
Julius Randle Assists,4.5,121,-154.6
Julius Randle Points + Rebounds + Assists,39.5,-111.8333333,-118.1666667
Julius Randle Points + Rebounds,35.5,-110,-120
Julius Randle Points + Assists,28.5,-120,-110
Julius Randle Rebounds + Assists,14.5,-108,-128.5
Julius Randle Three Points Made,2.5,65.2,-102.6
Julius Randle Blocks,0.5,269,-452
Julius Randle Steals,0.5,107,-154
Julius Randle Steals + Blocks,0.5,-145,101
Julius Randle Turnovers,2.5,107,-154
Malcolm Hill Three Points Made,0.5,520,-1300
Malcolm Hill Turnovers,0.5,412,-850
Marko Simonovic Turnovers,0.5,412,-850
Miles McBride Three Points Made,0.5,-110,-130
Miles McBride Turnovers,0.5,113,-163
Mitchell Robinson Points,8.5,-116,-109.5
Mitchell Robinson Rebounds,9.5,-21.4,-126.6
Mitchell Robinson Assists,1.5,-116,-124
Mitchell Robinson Points + Rebounds + Assists,18.5,-121.5,-104.5
Mitchell Robinson Points + Rebounds,17.5,-120,-110
Mitchell Robinson Points + Assists,8.5,-106,-136
Mitchell Robinson Rebounds + Assists,9.5,-128,-112
Mitchell Robinson Blocks,1.5,103,-148
Mitchell Robinson Steals,0.5,111,-160
Mitchell Robinson Steals + Blocks,1.5,-192,131
Mitchell Robinson Turnovers,0.5,-106,-136
Mitchell Robinson Three Points Made,0.5,974,-31000
Nikola Vucevic Points,15.5,-113.4,-113.4
Nikola Vucevic Rebounds,9.5,-109.4,-116.6
Nikola Vucevic Assists,2.5,-34.42857143,-144.4285714
Nikola Vucevic Points + Rebounds + Assists,27.5,-115,-111.8
Nikola Vucevic Points + Rebounds,24.5,-125,-105
Nikola Vucevic Points + Assists,17.5,-120,-110
Nikola Vucevic Rebounds + Assists,10.5,-151,105
Nikola Vucevic Three Points Made,1.5,-1.5,-125.5
Nikola Vucevic Blocks,0.5,103,-148
Nikola Vucevic Steals,1.5,-112,-128
Nikola Vucevic Steals + Blocks,2.5,144,-212
Nikola Vucevic Turnovers,2.5,122,-177
Patrick Williams Points,10.5,-113.8571429,-115.2857143
Patrick Williams Rebounds,4.5,66,-138
Patrick Williams Assists,1.5,-148,103
Patrick Williams Points + Rebounds + Assists,16.5,23.33333333,-121.3333333
Patrick Williams Points + Rebounds,14.5,-138,-104
Patrick Williams Points + Assists,12.5,-106,-136
Patrick Williams Rebounds + Assists,6.5,103,-148
Patrick Williams Three Points Made,1.5,111,-160
Patrick Williams Blocks,0.5,-187,128
Patrick Williams Steals,0.5,-138,-104
Patrick Williams Steals + Blocks,1.5,-126,-114
Patrick Williams Turnovers,1.5,103,-148
Quentin Grimes Points,12.5,-37.66666667,-132
Quentin Grimes Rebounds,3.5,29.66666667,-68.66666667
Quentin Grimes Assists,1.5,-151,105
Quentin Grimes Points + Rebounds + Assists,17.5,-114,-126
Quentin Grimes Points + Rebounds,15.5,-4.5,-130.5
Quentin Grimes Points + Assists,13.5,-151,105
Quentin Grimes Rebounds + Assists,5.5,111,-160
Quentin Grimes Three Points Made,2.5,-138,-104
Quentin Grimes Blocks,1.5,162,-242
Quentin Grimes Steals,0.5,-160,111
Quentin Grimes Steals + Blocks,2.5,144,-212
Quentin Grimes Turnovers,1.5,-262,173
RJ Barrett Points,23.5,101.6666667,-128.3333333
RJ Barrett Rebounds,5.5,-109,-117.8
RJ Barrett Assists,3.5,118.6,-151
RJ Barrett Points + Rebounds + Assists,31.5,-121.4,-106.2
RJ Barrett Points + Rebounds,33.5,-128,-112
RJ Barrett Points + Assists,25.5,-120,-110
RJ Barrett Rebounds + Assists,8.5,-135,105
RJ Barrett Three Points Made,1.5,-162,128
RJ Barrett Blocks,0.5,291,-502
RJ Barrett Steals,0.5,107,-154
RJ Barrett Steals + Blocks,0.5,-138,-104
RJ Barrett Turnovers,3.5,128,-187
Tony Bradley Turnovers,0.5,365,-700
Zach LaVine Points,21.5,-107.4,-119.4
Zach LaVine Rebounds,4.5,-55.85714286,-61.57142857
Zach LaVine Assists,4.5,63.4,-131.4
Zach LaVine Points + Rebounds + Assists,30.5,-108.4,-118.4
Zach LaVine Points + Rebounds,25.5,-115,-115
Zach LaVine Points + Assists,25.5,-115,-115
Zach LaVine Rebounds + Assists,8.5,-130,-100
Zach LaVine Three Points Made,2.5,101,-127.5
Zach LaVine Blocks,0.5,453,-1000
Zach LaVine Steals,0.5,-192,131
Zach LaVine Steals + Blocks,0.5,-242,162
Zach LaVine Turnovers,1.5,-192,131
Aaron Holiday Three Points Made,0.5,520,-1300
Aaron Holiday Turnovers,0.5,382,-750
Aj Griffin Points,9.5,-109,-116
AJ Griffin Points + Rebounds + Assists,12.5,-118,-122
AJ Griffin Points + Rebounds,11.5,-112,-128
AJ Griffin Points + Assists,10.5,-101,-142
AJ Griffin Three Points Made,1.5,-109,-132
AJ Griffin Turnovers,0.5,-128,-112
Alec Burks Points,10.5,-113.3333333,-120
Alec Burks Points + Rebounds + Assists,14.5,-140,-103
Alec Burks Points + Rebounds,13.5,-109,-132
Alec Burks Points + Assists,11.5,-151,105
Alec Burks Three Points Made,1.5,109,-157
Alec Burks Turnovers,0.5,-212,144
Bogdan Bogdanovic Points,16.5,-125,-105
Bogdan Bogdanovic Rebounds,3.5,-148,113.3333333
Bogdan Bogdanovic Points + Rebounds + Assists,24.5,-110,-130
Bogdan Bogdanovic Points + Rebounds,19.5,-120,-110
Bogdan Bogdanovic Points + Assists,20.5,-110,-130
Bogdan Bogdanovic Rebounds + Assists,6.5,-134,-107
Bogdan Bogdanovic Three Points Made,2.5,-142,-101
Bogdan Bogdanovic Steals + Blocks,1.5,144,-212
Bogdan Bogdanovic Turnovers,1.5,144,-212
Bojan Bogdanovic Points,20.5,-116.2,-111
Bojan Bogdanovic Rebounds,3.5,119,-151.8
Bojan Bogdanovic Assists,2.5,121,-155
Bojan Bogdanovic Points + Rebounds + Assists,26.5,-79.16666667,-116.3333333
Bojan Bogdanovic Points + Rebounds,25.5,-107,-134
Bojan Bogdanovic Points + Assists,24.5,-114,-126
Bojan Bogdanovic Rebounds + Assists,4.5,-124,-116
Bojan Bogdanovic Three Points Made,2.5,126.5,-162
Bojan Bogdanovic Blocks,0.5,870,-7500
Bojan Bogdanovic Steals,1.5,125,-182
Bojan Bogdanovic Steals + Blocks,1.5,115,-166
Bojan Bogdanovic Turnovers,2.5,-138,-104
Clint Capela Points,15.5,-140,1.5
Clint Capela Rebounds,13.5,-115,-120
Clint Capela Assists,0.5,-110,-130
Clint Capela Points + Rebounds + Assists,30.5,-103,-140
Clint Capela Points + Rebounds,21.5,-110,-120
Clint Capela Points + Assists,16.5,-116,-124
Clint Capela Rebounds + Assists,14.5,101,-145
Clint Capela Blocks,1.5,-262,173
Clint Capela Steals,0.5,119,-172
Clint Capela Steals + Blocks,2.5,-112,-128
Clint Capela Turnovers,1.5,-122,-118
Clint Capela Three Points Made,0.5,974,-31000
Cory Joseph Three Points Made,0.5,184,-282
Cory Joseph Turnovers,0.5,113,-163
De'Andre Hunter Points,15.5,-69.2,-117.2
De'Andre Hunter Rebounds,4.5,117.2,-149.2
De'Andre Hunter Assists,1.5,138,-202
De'Andre Hunter Points + Rebounds + Assists,20.5,-125,-103
De'Andre Hunter Points + Rebounds,19.5,-120,-110
De'Andre Hunter Points + Assists,13.5,-122,-118
De'Andre Hunter Rebounds + Assists,4.5,-120,-120
De'Andre Hunter Three Points Made,1.5,139,-179.5
De'Andre Hunter Blocks,0.5,236,-382
De'Andre Hunter Steals,0.5,138,-202
De'Andre Hunter Steals + Blocks,0.5,-134,-107
De'Andre Hunter Turnovers,0.5,-262,173
Dejounte Murray Points,19.5,-113.8,-112.6
Dejounte Murray Rebounds,5.5,-107.8,-119
Dejounte Murray Assists,6.5,61.8,-129.8
Dejounte Murray Points + Rebounds + Assists,31.5,-117.4,-109.4
Dejounte Murray Points + Rebounds,24.5,-125,-105
Dejounte Murray Points + Assists,25.5,-125,-105
Dejounte Murray Rebounds + Assists,12.5,-2,-133.5
Dejounte Murray Three Points Made,1.5,121.6,-160.2
Dejounte Murray Blocks,0.5,195,-302
Dejounte Murray Steals,1.5,115,-166
Dejounte Murray Steals + Blocks,1.5,-126,-114
Dejounte Murray Turnovers,1.5,-177,122
Hamidou Diallo Turnovers,0.5,211,-332
Isaiah Stewart Points,10.5,-122.4,-104.8
Isaiah Stewart Rebounds,6.5,-135,16.28571429
Isaiah Stewart Assists,0.5,-177,122
Isaiah Stewart Points + Rebounds + Assists,19.5,-1.5,-126
Isaiah Stewart Points + Rebounds,17.5,-115,-115
Isaiah Stewart Points + Assists,15.5,-101,-142
Isaiah Stewart Rebounds + Assists,7.5,-112,-128
Isaiah Stewart Three Points Made,1.5,136.5,-176
Isaiah Stewart Blocks,0.5,-103,-140
Isaiah Stewart Steals,0.5,219,-347
Isaiah Stewart Steals + Blocks,0.5,-177,122
Isaiah Stewart Turnovers,0.5,-187,128
Jaden Ivey Points,16.5,-121.5714286,-51.14285714
Jaden Ivey Rebounds,3.5,-140.8,110.8
Jaden Ivey Assists,3.5,-131.2,63.2
Jaden Ivey Points + Rebounds + Assists,24.5,-105.8,-121.8
Jaden Ivey Points + Rebounds,20.5,-110,-120
Jaden Ivey Points + Assists,20.5,-105,-125
Jaden Ivey Rebounds + Assists,8.5,-124,-116
Jaden Ivey Three Points Made,1.5,144.8,-192
Jaden Ivey Blocks,0.5,291,-502
Jaden Ivey Steals,0.5,-169,117
Jaden Ivey Steals + Blocks,0.5,-242,162
Jaden Ivey Turnovers,2.5,111,-160
Jalen Duren Points,8.5,-109.3333333,-119.6666667
Jalen Duren Rebounds,10.5,-119.8,-27.8
Jalen Duren Assists,0.5,-262,173
Jalen Duren Points + Rebounds + Assists,20.5,-129,102
Jalen Duren Points + Rebounds,17.5,-124,-116
Jalen Duren Points + Assists,9.5,-126,-114
Jalen Duren Rebounds + Assists,10.5,103,-148
Jalen Duren Blocks,0.5,-116,-124
Jalen Duren Steals,0.5,109,-157
Jalen Duren Steals + Blocks,1.5,150,-222
Jalen Duren Turnovers,0.5,-242,162
Jalen Duren Three Points Made,0.5,1200,-60000
Jalen Johnson Turnovers,0.5,311,-552
John Collins Points,11.5,39,-143
John Collins Rebounds,5.5,-1,-137
John Collins Assists,0.5,-242,162
John Collins Points + Assists,12.5,-103,-140
John Collins Points + Rebounds + Assists,17.5,-134,-107
John Collins Points + Rebounds,16.5,-124,-116
John Collins Rebounds + Assists,6.5,-116,-124
John Collins Three Points Made,0.5,107,-154
John Collins Blocks,0.5,-163,113
John Collins Steals,0.5,111,-160
John Collins Turnovers,0.5,-222,150
John Collins Steals + Blocks,1.5,111,-160
Kevin Knox II Points + Rebounds,10.5,-104,-131
Kevin Knox II Three Points Made,1.5,167,-252
Kevin Knox II Turnovers,0.5,-136,-106
Killian Hayes Points,10.5,-122,-104.5
Killian Hayes Rebounds,3.5,43.85714286,-134.4285714
Killian Hayes Assists,6.5,38.14285714,-72.28571429
Killian Hayes Points + Rebounds + Assists,20.5,-111.8,-114.6
Killian Hayes Points + Rebounds,12.5,-148,103
Killian Hayes Points + Assists,16.5,-109,-132
Killian Hayes Rebounds + Assists,9.5,-115,-115
Killian Hayes Three Points Made,1.5,157.5,-202.5
Killian Hayes Blocks,0.5,226,-362
Killian Hayes Steals,0.5,-222,150
Killian Hayes Steals + Blocks,1.5,125,-182
Killian Hayes Turnovers,1.5,-140,-103
Marvin Bagley Points,9.5,-2.5,-123.5
Marvin Bagley Rebounds,5.5,4,-131
Marvin Bagley Points + Rebounds,14.5,-125,-105
Marvin Bagley III Points,8.5,-142,-101
Marvin Bagley III Rebounds,5.5,109,-157
Marvin Bagley III Points + Rebounds + Assists,14.5,-134,-107
Marvin Bagley III Points + Rebounds,14.5,101,-145
Marvin Bagley III Rebounds + Assists,5.5,-142,-101
Marvin Bagley III Three Points Made,0.5,201,-312
Marvin Bagley III Turnovers,0.5,-138,-104
Onyeka Okongwu Rebounds,6.5,-126,-114
Onyeka Okongwu Points + Rebounds + Assists,14.5,-134,-107
Onyeka Okongwu Points + Rebounds,14.5,-106,-136
Onyeka Okongwu Rebounds + Assists,7.5,-101,-142
Onyeka Okongwu Steals + Blocks,1.5,-112,-128
Onyeka Okongwu Turnovers,0.5,-169,117
Rodney McGruder Turnovers,0.5,499,-1200
Saddiq Bey Points,11.5,-113.3333333,-116.6666667
Saddiq Bey Points + Rebounds + Assists,15.5,-126,-114
Saddiq Bey Points + Rebounds,14.5,-118,-122
Saddiq Bey Points + Assists,12.5,-120,-120
Saddiq Bey Three Points Made,1.5,-109,-132
Saddiq Bey Turnovers,0.5,-128,-112
Trae Young Points,27.5,-126,-35.33333333
Trae Young Rebounds,3.5,129,-164.5
Trae Young Assists,9.5,-136.4,107.2
Trae Young Points + Rebounds + Assists,41.5,-110.5,-115
Trae Young Points + Rebounds,28.5,-118,-122
Trae Young Points + Assists,37.5,-120,-110
Trae Young Rebounds + Assists,12.5,-130,-100
Trae Young Three Points Made,2.5,103,-130.5
Trae Young Blocks,0.5,477,-1100
Trae Young Steals,0.5,-130,-110
Trae Young Steals + Blocks,0.5,-163,113
Trae Young Turnovers,3.5,122,-177
Caris LeVert Assists,2.5,-153,116
Caris Levert Rebounds,3.5,115.3333333,-155
Caris Levert Points,9.5,-130.5,-106
Caris Levert Points + Rebounds + Assists,16.5,-115,-115
Caris Levert Points + Rebounds,12.5,-145,101
Caris Levert Points + Assists,12.5,-118,-122
Caris Levert Rebounds + Assists,5.5,-163,113
Caris LeVert Three Points Made,0.5,-262,173
Caris LeVert Turnovers,1.5,109,-157
Cedi Osman Three Points Made,0.5,-134,-107
Cedi Osman Turnovers,0.5,115,-166
Chris Boucher Rebounds,4.5,-132,-33.33333333
Chris Boucher Points + Rebounds + Assists,12.5,-118,-122
Chris Boucher Points + Rebounds,12.5,-101,-142
Chris Boucher Rebounds + Assists,5.5,113,-163
Chris Boucher Three Points Made,0.5,-103,-140
Chris Boucher Steals + Blocks,1.5,138,-202
Chris Boucher Turnovers,0.5,-106,-136
Chris Boucher Points,6.5,-135,105
Christian Koloko Turnovers,0.5,236,-382
Darius Garland Points,19.5,-113.4,-113.4
Darius Garland Rebounds,2.5,-55.57142857,-6
Darius Garland Assists,7.5,-134.4,106.4
Darius Garland Points + Rebounds + Assists,30.5,-107,-119
Darius Garland Points + Rebounds,24.5,-116,-124
Darius Garland Points + Assists,26.5,-120,-110
Darius Garland Rebounds + Assists,10.5,-125,-105
Darius Garland Three Points Made,1.5,-171,132.5
Darius Garland Blocks,0.5,499,-1200
Darius Garland Steals,1.5,-262,173
Darius Garland Steals + Blocks,2.5,150,-222
Darius Garland Turnovers,3.5,-157,109
Donovan Mitchell Points,26.5,-122.5,-104
Donovan Mitchell Rebounds,3.5,-118.8,-108
Donovan Mitchell Assists,4.5,91.85714286,-159.2857143
Donovan Mitchell Points + Rebounds + Assists,34.5,-119,-108.2
Donovan Mitchell Points + Rebounds,25.5,-110,-130
Donovan Mitchell Points + Assists,26.5,-126,-114
Donovan Mitchell Rebounds + Assists,7.5,-124.5,-10.5
Donovan Mitchell Three Points Made,3.5,103,-130.5
Donovan Mitchell Blocks,0.5,226,-362
Donovan Mitchell Steals,0.5,-202,138
Donovan Mitchell Steals + Blocks,1.5,138,-202
Donovan Mitchell Turnovers,3.5,105,-151
Evan Mobley Points,13.5,-112.3333333,-121.3333333
Evan Mobley Rebounds,10.5,108.5,-149.5
Evan Mobley Assists,2.5,-202,138
Evan Mobley Points + Rebounds + Assists,26.5,-130,-110
Evan Mobley Points + Rebounds,22.5,-105,-125
Evan Mobley Points + Assists,16.5,-124,-116
Evan Mobley Rebounds + Assists,13.5,-107,-134
Evan Mobley Three Points Made,0.5,258,-427
Evan Mobley Blocks,0.5,-202,138
Evan Mobley Steals,0.5,117,-169
Evan Mobley Steals + Blocks,1.5,107,-154
Evan Mobley Turnovers,2.5,-114,-126
Fred VanVleet Points,17.5,-121.5,-105
Fred VanVleet Rebounds,3.5,-122.2857143,-53.57142857
Fred VanVleet Assists,5.5,-111,-115.8
Fred VanVleet Points + Rebounds + Assists,26.5,-125,31.66666667
Fred VanVleet Points + Rebounds,18.5,-142,-101
Fred VanVleet Points + Assists,19.5,-128,-112
Fred VanVleet Rebounds + Assists,8.5,-122,-118
Fred VanVleet Three Points Made,2.5,-103.5,-124.5
Fred VanVleet Blocks,0.5,101,-145
Fred VanVleet Steals,1.5,138,-202
Fred VanVleet Steals + Blocks,1.5,-151,105
Fred VanVleet Turnovers,1.5,-154,107
Gary Trent Jr. Points,11.5,-151,105
Gary Trent Jr. Points + Rebounds + Assists,14.5,-132,-109
Gary Trent Jr. Points + Rebounds,13.5,-124,-116
Gary Trent Jr. Points + Assists,13.5,101,-145
Gary Trent Jr. Three Points Made,1.5,-157,109
Gary Trent Jr. Steals + Blocks,1.5,134,-197
Gary Trent Jr. Turnovers,0.5,-112,-128
Isaac Okoro Points,11.5,2.5,-141
Isaac Okoro Rebounds,3.5,-148,103
Isaac Okoro Assists,1.5,-154,107
Isaac Okoro Points + Rebounds + Assists,16.5,-157,109
Isaac Okoro Points + Rebounds,15.5,101,-145
Isaac Okoro Points + Assists,12.5,-169,117
Isaac Okoro Rebounds + Assists,5.5,-120,-120
Isaac Okoro Three Points Made,1.5,117,-169
Isaac Okoro Blocks,1.5,190,-292
Isaac Okoro Steals,0.5,122,-177
Isaac Okoro Steals + Blocks,1.5,-163,113
Isaac Okoro Turnovers,0.5,131,-192
Jarrett Allen Points,13.5,-119.5,-111.5
Jarrett Allen Rebounds,9.5,-136.3333333,107
Jarrett Allen Assists,2.5,125,-182
Jarrett Allen Points + Rebounds + Assists,25.5,-114,-112
Jarrett Allen Points + Rebounds,24.5,-105,-125
Jarrett Allen Points + Assists,15.5,-134,-107
Jarrett Allen Rebounds + Assists,11.5,-107,-134
Jarrett Allen Blocks,1.5,156,-232
Jarrett Allen Steals,1.5,111,-160
Jarrett Allen Steals + Blocks,2.5,-132,-109
Jarrett Allen Turnovers,1.5,122,-177
Jarrett Allen Three Points Made,0.5,974,-31000
Juancho Hernangomez Points,6.5,-138,-104
Juancho Hernangomez Rebounds,3.5,-187,128
Juancho Hernangomez Assists,0.5,138,-202
Juancho Hernangomez Points + Rebounds + Assists,11.5,-106,-136
Juancho Hernangomez Points + Rebounds,10.5,-145,101
Juancho Hernangomez Points + Assists,7.5,117,-169
Juancho Hernangomez Rebounds + Assists,4.5,-112,-128
Juancho Hernangomez Three Points Made,1.5,117,-169
Juancho Hernangomez Blocks,0.5,291,-502
Juancho Hernangomez Steals,0.5,122,-177
Juancho Hernangomez Steals + Blocks,0.5,-132,-109
Juancho Hernangomez Turnovers,0.5,167,-252
Kevin Love Points,8.5,-110.6666667,-119.6666667
Kevin Love Rebounds,5.5,-129,-36
Kevin Love Points + Rebounds + Assists,15.5,-145,101
Kevin Love Points + Rebounds,13.5,-142,-101
Kevin Love Points + Assists,10.5,-101,-142
Kevin Love Rebounds + Assists,7.5,-132,-109
Kevin Love Three Points Made,1.5,-122,-118
Kevin Love Turnovers,0.5,-262,173
Malachi Flynn Three Points Made,0.5,125,-182
Malachi Flynn Turnovers,0.5,179,-272
O.G. Anunoby Points,16.5,-107.5,-118
O.G. Anunoby Three Points Made,1.5,113,-142
O.G. Anunoby Points + Rebounds + Assists,23.5,-108,-117.5
O.G. Anunoby Rebounds,4.5,-148,115.5
OG Anunoby Points,18.5,26.33333333,-129.6666667
OG Anunoby Rebounds,6.5,125.5,-173
OG Anunoby Assists,2.5,-103,-140
OG Anunoby Points + Rebounds + Assists,26.5,-130,-110
OG Anunoby Points + Rebounds,24.5,-112,-128
OG Anunoby Points + Assists,20.5,-132,-109
OG Anunoby Rebounds + Assists,8.5,-126,-114
OG Anunoby Three Points Made,2.5,134,-197
OG Anunoby Blocks,0.5,109,-157
OG Anunoby Steals,2.5,125,-182
OG Anunoby Steals + Blocks,2.5,-151,105
OG Anunoby Turnovers,3.5,-118,-122
Pascal Siakam Points,24.5,-122.6,-104.6
Pascal Siakam Rebounds,7.5,-134.7142857,17.57142857
Pascal Siakam Assists,5.5,-140,70.8
Pascal Siakam Points + Rebounds + Assists,38.5,-120.6,-107
Pascal Siakam Points + Rebounds,32.5,-115,-115
Pascal Siakam Points + Assists,30.5,-115,-115
Pascal Siakam Rebounds + Assists,13.5,-120,-110
Pascal Siakam Three Points Made,1.5,129,-165
Pascal Siakam Blocks,0.5,150,-222
Pascal Siakam Steals,1.5,-202,138
Pascal Siakam Steals + Blocks,2.5,122,-177
Pascal Siakam Turnovers,2.5,125,-182
Scottie Barnes Points,12.5,-114,-72.8
Scottie Barnes Rebounds,5.5,-107.8,-119.8
Scottie Barnes Assists,3.5,115.6,-146
Scottie Barnes Points + Rebounds + Assists,21.5,-111,-114.6
Scottie Barnes Points + Rebounds,18.5,-110,-120
Scottie Barnes Points + Assists,20.5,-107,-134
Scottie Barnes Rebounds + Assists,8.5,-135,105
Scottie Barnes Three Points Made,0.5,-109,-132
Scottie Barnes Blocks,0.5,117,-169
Scottie Barnes Steals,1.5,-148,103
Scottie Barnes Steals + Blocks,2.5,131,-192
Scottie Barnes Turnovers,2.5,101,-145
Thaddeus Young Rebounds,3.5,-101,-142
Thaddeus Young Three Points Made,0.5,269,-452
Thaddeus Young Turnovers,0.5,-122,-118
Thaddeus Young Points,4.5,5.5,-131.5
Ben Simmons Points,9.5,-117,-80.5
Ben Simmons Rebounds,6.5,-125.8,14.2
Ben Simmons Assists,5.5,-134.6666667,38.66666667
Ben Simmons Points + Rebounds + Assists,22.5,-105.6666667,-122.3333333
Ben Simmons Points + Rebounds,16.5,-104.5,-131.5
Ben Simmons Points + Assists,17.5,-116,-124
Ben Simmons Rebounds + Assists,12.5,-125,-105
Ben Simmons Blocks,0.5,122,-177
Ben Simmons Steals,0.5,-222,150
Ben Simmons Steals + Blocks,1.5,-101,-142
Ben Simmons Turnovers,1.5,-124,-116
Ben Simmons Three Points Made,0.5,988,-51000
Bobby Portis Points,11.5,-40.33333333,-128
Bobby Portis Rebounds,7.5,-127.3333333,-39.66666667
Bobby Portis Points + Rebounds + Assists,19.5,-142,-101
Bobby Portis Points + Rebounds,18.5,-140,-103
Bobby Portis Points + Assists,12.5,-109,-132
Bobby Portis Rebounds + Assists,8.5,-134,-107
Bobby Portis Three Points Made,0.5,-172,119
Bobby Portis Turnovers,0.5,-262,173
Brook Lopez Points,12.5,-123.4,-23.8
Brook Lopez Rebounds,5.5,-148.8,72.6
Brook Lopez Assists,0.5,-177,122
Brook Lopez Points + Rebounds + Assists,19.5,-113.5,-112
Brook Lopez Points + Rebounds,18.5,-110,-120
Brook Lopez Points + Assists,15.5,103,-148
Brook Lopez Rebounds + Assists,6.5,-148,103
Brook Lopez Three Points Made,1.5,-75.8,-116.2
Brook Lopez Blocks,1.5,131,-192
Brook Lopez Steals,0.5,156,-232
Brook Lopez Steals + Blocks,1.5,-130,-110
Brook Lopez Turnovers,0.5,-192,131
Cameron Thomas Three Points Made,0.5,453,-1000
Cameron Thomas Turnovers,0.5,382,-750
Edmond Sumner Three Points Made,0.5,115,-166
Edmond Sumner Turnovers,0.5,-112,-128
G. Antetokounmpo Points,36.5,-105,-125
G. Antetokounmpo Assists,5.5,115,-145
G. Antetokounmpo Rebounds,11.5,-125,-105
G. Antetokounmpo Points + Rebounds + Assists,49.5,-125,-105
G. Antetokounmpo Points + Assists,38.5,-105,-125
G. Antetokounmpo Points + Rebounds,44.5,-115,-115
G. Antetokounmpo Rebounds + Assists,17.5,105,-135
George Hill Three Points Made,0.5,477,-1100
George Hill Turnovers,0.5,311,-552
Giannis Antetokounmpo Points,32.5,-118.4,-108.4
Giannis Antetokounmpo Rebounds,11.5,-127.5,0
Giannis Antetokounmpo Assists,4.5,-148,116
Giannis Antetokounmpo Points + Rebounds + Assists,49.5,-119,-108
Giannis Antetokounmpo Points + Rebounds,45.5,-122,-118
Giannis Antetokounmpo Points + Assists,38.5,-120,-120
Giannis Antetokounmpo Rebounds + Assists,17.5,-114,-126
Giannis Antetokounmpo Three Points Made,0.5,-134,-107
Giannis Antetokounmpo Blocks,0.5,-202,138
Giannis Antetokounmpo Steals,1.5,-202,138
Giannis Antetokounmpo Steals + Blocks,2.5,-163,113
Giannis Antetokounmpo Turnovers,3.5,115,-166
Grayson Allen Points,9.5,102,-129.5
Grayson Allen Rebounds,3.5,64.83333333,-92.83333333
Grayson Allen Assists,1.5,-116,-124
Grayson Allen Points + Rebounds + Assists,14.5,-127,101
Grayson Allen Points + Rebounds,13.5,105,-135
Grayson Allen Points + Assists,12.5,103,-148
Grayson Allen Rebounds + Assists,6.5,-110,-130
Grayson Allen Three Points Made,1.5,-105,-121.5
Grayson Allen Blocks,0.5,301,-527
Grayson Allen Steals,0.5,109,-157
Grayson Allen Steals + Blocks,0.5,-138,-104
Grayson Allen Turnovers,0.5,-182,125
Jevon Carter Points,4.5,-149.5,108.5
Jevon Carter Rebounds,3.5,-177,122
Jevon Carter Assists,1.5,-140,-103
Jevon Carter Points + Rebounds + Assists,10.5,-128,-112
Jevon Carter Points + Rebounds,8.5,-148,103
Jevon Carter Points + Assists,6.5,-126,-114
Jevon Carter Rebounds + Assists,5.5,-136,-106
Jevon Carter Three Points Made,0.5,-242,162
Jevon Carter Blocks,0.5,269,-452
Jevon Carter Steals,0.5,-142,-101
Jevon Carter Steals + Blocks,0.5,-212,144
Jevon Carter Turnovers,1.5,-148,103
Joe Ingles Three Points Made,0.5,-232,156
Joe Ingles Turnovers,0.5,-148,103
Jordan Nwora Turnovers,0.5,520,-1300
Jrue Holiday Points,18.5,-115,-111.8
Jrue Holiday Rebounds,4.5,-74.57142857,40.42857143
Jrue Holiday Assists,7.5,-123,57
Jrue Holiday Points + Rebounds + Assists,31.5,-115.4,-111.4
Jrue Holiday Points + Rebounds,19.5,-114,-126
Jrue Holiday Points + Assists,26.5,-110,-120
Jrue Holiday Rebounds + Assists,12.5,-125.5,-110.5
Jrue Holiday Three Points Made,2.5,143,-184
Jrue Holiday Blocks,0.5,144,-212
Jrue Holiday Steals,1.5,-101,-142
Jrue Holiday Steals + Blocks,1.5,-163,113
Jrue Holiday Turnovers,2.5,-106,-136
Kevin Durant Points,28.5,-121.2,-106.8
Kevin Durant Rebounds,5.5,-146.5,115
Kevin Durant Assists,5.5,117.6666667,-150
Kevin Durant Points + Rebounds + Assists,40.5,-110.5,-115.5
Kevin Durant Points + Rebounds,36.5,-115,-115
Kevin Durant Points + Assists,32.5,-120,-120
Kevin Durant Rebounds + Assists,11.5,-107,-129
Kevin Durant Three Points Made,1.5,-185,144
Kevin Durant Blocks,0.5,-177,122
Kevin Durant Steals,0.5,-136,-106
Kevin Durant Steals + Blocks,1.5,-118,-122
Kevin Durant Turnovers,3.5,-106,-136
Kyrie Irving Points,24.5,-112.4,-113.6
Kyrie Irving Rebounds,4.5,113,-144.6
Kyrie Irving Assists,4.5,26.8,-135.6
Kyrie Irving Points + Rebounds + Assists,33.5,-111,-116.2
Kyrie Irving Points + Rebounds,29.5,-106,-129.5
Kyrie Irving Points + Assists,27.5,-107,-134
Kyrie Irving Rebounds + Assists,8.5,-115,-115
Kyrie Irving Three Points Made,2.5,-171,131.5
Kyrie Irving Blocks,0.5,-103,-140
Kyrie Irving Steals,0.5,-136,-106
Kyrie Irving Steals + Blocks,1.5,119,-172
Kyrie Irving Turnovers,1.5,-145,101
Marjon Beauchamp Three Points Made,0.5,-142,-101
Marjon Beauchamp Turnovers,0.5,-134,-107
Markieff Morris Three Points Made,0.5,195,-302
Markieff Morris Turnovers,0.5,269,-452
Nic Claxton Assists,1.5,162,-210
Nic Claxton Points,9.5,-39.33333333,-120.6666667
Nic Claxton Rebounds,7.5,-34.66666667,-126.6666667
Nic Claxton Points + Rebounds + Assists,17.5,-121,-106
Nicolas Claxton Points,9.5,-112,-123.5
Nicolas Claxton Rebounds,8.5,-118,-122
Nicolas Claxton Assists,1.5,-21,-34.5
Nicolas Claxton Points + Rebounds + Assists,18.5,-100,-130
Nicolas Claxton Points + Rebounds,16.5,-125,-105
Nicolas Claxton Points + Assists,10.5,-115,-115
Nicolas Claxton Rebounds + Assists,8.5,-115,-115
Nicolas Claxton Blocks,1.5,138,-202
Nicolas Claxton Steals,0.5,128,-187
Nicolas Claxton Steals + Blocks,1.5,-138,-104
Nicolas Claxton Turnovers,0.5,-169,117
Nicolas Claxton Three Points Made,0.5,988,-51000
Pat Connaughton Points + Rebounds,10.5,-104,-138
Pat Connaughton Three Points Made,1.5,-112,-128
Pat Connaughton Turnovers,0.5,-106,-136
Pat Connaughton Points,7.5,-115,-115
Patty Mills Three Points Made,0.5,477,-1100
Royce O'Neale Points,8.5,-121.6666667,-107
Royce O'Neale Rebounds,4.5,-132.6,21
Royce O'Neale Assists,3.5,-108.6666667,-120
Royce O'Neale Points + Rebounds + Assists,17.5,-108.6666667,-118.6666667
Royce O'Neale Points + Rebounds,19.5,-138,-104
Royce O'Neale Points + Assists,17.5,-148,103
Royce O'Neale Rebounds + Assists,8.5,-110,-120
Royce O'Neale Three Points Made,2.5,125,-159
Royce O'Neale Blocks,0.5,162,-242
Royce O'Neale Steals,0.5,-138,-104
Royce O'Neale Steals + Blocks,0.5,-262,173
Royce O'Neale Turnovers,1.5,138,-202
Serge Ibaka Turnovers,0.5,520,-1300
Seth Curry Three Points Made,1.5,138,-202
Seth Curry Turnovers,0.5,101,-145
T.J Warren Points,7.5,-120,-106
T.J. Warren Three Points Made,0.5,-128,-112
T.J. Warren Turnovers,0.5,-103,-140
T.J. Warren Points,7.5,-115,-115
Wesley Matthews Three Points Made,0.5,190,-292
Wesley Matthews Turnovers,0.5,280,-477
Yuta Watanabe Three Points Made,1.5,119,-172
Yuta Watanabe Turnovers,0.5,131,-192
Yuta Watanabe Points,6.5,-109,-119
Alperen Sengun Points,13.5,-22.2,-124.6
Alperen Sengun Rebounds,7.5,-136.5,58.5
Alperen Sengun Assists,2.5,108,-148
Alperen Sengun Points + Rebounds + Assists,24.5,100,-125
Alperen Sengun Points + Rebounds,20.5,-133,-103
Alperen Sengun Points + Assists,15.5,-113,-121
Alperen Sengun Rebounds + Assists,10.5,-104,-131
Alperen Sengun Three Points Made,0.5,431,-804
Alperen Sengun Blocks,0.5,-189,136
Alperen Sengun Steals,0.5,-123,-111
Alperen Sengun Steals + Blocks,1.5,-115,-119
Alperen Sengun Turnovers,1.5,-184,133
Christian Wood Points,18.5,-115.2,-111.2
Christian Wood Rebounds,9.5,-109.75,-115.25
Christian Wood Assists,1.5,-125,-109
Christian Wood Points + Rebounds + Assists,30.5,-110,-115
Christian Wood Points + Rebounds,28.5,-113,-119
Christian Wood Points + Assists,20.5,-113,-121
Christian Wood Rebounds + Assists,11.5,-106,-129
Christian Wood Three Points Made,1.5,-167.6666667,126.3333333
Christian Wood Blocks,1.5,120,-166
Christian Wood Steals,0.5,-131,-104
Christian Wood Steals + Blocks,1.5,-199,143
Christian Wood Turnovers,1.5,-169,123
Dwight Powell Rebounds,4.5,-113,-121
Dwight Powell Points + Rebounds,10.5,-131,-104
Dwight Powell Rebounds + Assists,5.5,106,-145
Dwight Powell Turnovers,0.5,-142,104
Jabari Smith Points,11.5,-128,104
Jabari Smith Rebounds,6.5,100,-122
Jabari Smith Jr Points,3.5,110,-151
Jabari Smith Jr Rebounds,1.5,-113,-121
Jabari Smith Jr Assists,0.5,-142,104
Jabari Smith Jr Points + Rebounds + Assists,19.5,-123,-111
Jabari Smith Jr Points + Rebounds,18.5,-125,-109
Jabari Smith Jr Points + Assists,13.5,-117,-117
Jabari Smith Jr Rebounds + Assists,6.5,-142,104
Jabari Smith Jr Three Points Made,1.5,-142,104
Jabari Smith Jr Blocks,0.5,-157,114
Jabari Smith Jr Steals,0.5,106,-145
Jabari Smith Jr Steals + Blocks,1.5,112,-154
Jabari Smith Jr Turnovers,1.5,136,-189
Jabari Smith Jr. Points,12.5,-106,-121
Jabari Smith Jr. Rebounds,6.5,-102.6666667,-124.6666667
Jabari Smith Jr. Points + Rebounds,18.5,-115,-115
Jabari Smith Jr. Points + Rebounds + Assists,20.5,-104,-124
Jabari Smith Jr. Three Points Made,1.5,-130,104
Jalen Green Points,21.5,-114,-112
Jalen Green Rebounds,3.5,-138.4,108.2
Jalen Green Assists,3.5,65.6,-134.8
Jalen Green Points + Rebounds + Assists,28.5,-123,-105
Jalen Green Points + Rebounds,25.5,-122,-110.5
Jalen Green Points + Assists,24.5,-125,-105
Jalen Green Rebounds + Assists,7.5,1,-133.5
Jalen Green Three Points Made,1.5,-179.3333333,136.3333333
Jalen Green Blocks,0.5,247,-374
Jalen Green Steals,0.5,-113,-121
Jalen Green Steals + Blocks,0.5,-194,139
Jalen Green Turnovers,2.5,-109,-125
Kenyon Martin Jr. Rebounds,5.5,-123.5,-2.5
Kenyon Martin Jr. Points,12.5,-105.5,-119.5
Kenyon Martin Jr. Points + Rebounds,18.5,-105,-125
Kevin Porter Points,18.5,-110,-120
Kevin Porter Assists,5.5,105,-135
Kevin Porter Rebounds,4.5,-115,-115
Kevin Porter Points + Rebounds + Assists,28.5,-110,-120
Kevin Porter Points + Assists,23.5,-115,-115
Kevin Porter Points + Rebounds,22.5,-125,-105
Kevin Porter Rebounds + Assists,9.5,-140,110
Kevin Porter Jr. Points,17.5,-125,-103
Kevin Porter Jr. Rebounds,4.5,-110.25,-116.25
Kevin Porter Jr. Assists,4.5,-159,125
Kevin Porter Jr. Points + Rebounds + Assists,27.5,-124,-38.66666667
Kevin Porter Jr. Points + Rebounds,22.5,-148,108
Kevin Porter Jr. Points + Assists,23.5,-127,-108
Kevin Porter Jr. Rebounds + Assists,9.5,-135,-101
Kevin Porter Jr. Three Points Made,1.5,-158.3333333,120.6666667
Kevin Porter Jr. Blocks,0.5,129,-179
Kevin Porter Jr. Steals,1.5,152,-214
Kevin Porter Jr. Steals + Blocks,1.5,-129,-106
Kevin Porter Jr. Turnovers,3.5,-101,-135
KJ Martin Points,3.5,-109,-125
KJ Martin Rebounds,1.5,-111,-123
KJ Martin Assists,1.5,-135,-101
KJ Martin Points + Rebounds + Assists,20.5,-117,-117
KJ Martin Points + Rebounds,18.5,-113,-121
KJ Martin Points + Assists,14.5,-115,-119
KJ Martin Rebounds + Assists,7.5,-119,-115
KJ Martin Three Points Made,0.5,-234,165
KJ Martin Blocks,0.5,152,-214
KJ Martin Steals,0.5,118,-163
KJ Martin Steals + Blocks,0.5,-184,133
KJ Martin Turnovers,0.5,-184,133
Luka Doncic Points,30.5,-113.75,-111.75
Luka Doncic Rebounds,7.5,-120.5,-56
Luka Doncic Assists,8.5,-127.25,49.75
Luka Doncic Points + Rebounds + Assists,46.5,-114,-118.5
Luka Doncic Points + Rebounds,36.5,-127,-108
Luka Doncic Points + Assists,38.5,-111,-123
Luka Doncic Rebounds + Assists,16.5,-115.5,-116.5
Luka Doncic Three Points Made,3.5,122,-161.3333333
Luka Doncic Blocks,0.5,-108,-127
Luka Doncic Steals,1.5,-121,-113
Luka Doncic Steals + Blocks,2.5,112,-154
Luka Doncic Turnovers,3.5,-127,-108
Reggie Bullock Points,6.5,-72.66666667,-122.3333333
Reggie Bullock Rebounds,3.5,-141.6,111.2
Reggie Bullock Assists,0.5,-204,146
Reggie Bullock Points + Rebounds + Assists,12.5,-105,-122
Reggie Bullock Points + Rebounds,10.5,-107,-125.5
Reggie Bullock Points + Assists,7.5,-113,-121
Reggie Bullock Rebounds + Assists,4.5,-148,108
Reggie Bullock Three Points Made,1.5,-123.6666667,-39.33333333
Reggie Bullock Blocks,0.5,287,-454
Reggie Bullock Steals,0.5,-160,116
Reggie Bullock Steals + Blocks,0.5,-234,165
Reggie Bullock Turnovers,0.5,-103,-133
Spencer Dinwiddie Points,17.5,-109.6,-116.8
Spencer Dinwiddie Rebounds,3.5,63.4,-132.4
Spencer Dinwiddie Assists,5.5,121.25,-153.75
Spencer Dinwiddie Points + Rebounds + Assists,26.5,30,-123.3333333
Spencer Dinwiddie Points + Rebounds,20.5,-122,-110
Spencer Dinwiddie Points + Assists,22.5,-116.5,-115.5
Spencer Dinwiddie Rebounds + Assists,8.5,-114,-118
Spencer Dinwiddie Three Points Made,2.5,-152.6666667,116
Spencer Dinwiddie Blocks,0.5,208,-304
Spencer Dinwiddie Steals,0.5,-244,172
Spencer Dinwiddie Steals + Blocks,1.5,112,-154
Spencer Dinwiddie Turnovers,1.5,-131,-104
Tari Eason Points,9.5,-120.5,-58.25
Tari Eason Rebounds,5.5,-111.3333333,-117.3333333
Tari Eason Points + Rebounds + Assists,16.5,-111,-123
Tari Eason Points + Rebounds,15.5,-109.5,-122.5
Tari Eason Points + Assists,10.5,-127,-108
Tari Eason Rebounds + Assists,6.5,-103,-133
Tari Eason Three Points Made,0.5,-145,106
Tari Eason Steals + Blocks,1.5,129,-179
Tari Eason Turnovers,0.5,-234,165
Tim Hardaway Points,17.5,-115,-115
Tim Hardaway Rebounds,3.5,115,-145
Tim Hardaway Points + Rebounds,20.5,-125,-105
Tim Hardaway Jr. Points,17.5,-106.6666667,-118
Tim Hardaway Jr. Rebounds,3.5,116.5,-150.5
Tim Hardaway Jr. Assists,1.5,108,-148
Tim Hardaway Jr. Points + Rebounds + Assists,22.5,-120,-107
Tim Hardaway Jr. Points + Rebounds,19.5,-137,100
Tim Hardaway Jr. Points + Assists,17.5,-142,104
Tim Hardaway Jr. Rebounds + Assists,4.5,-139,102
Tim Hardaway Jr. Three Points Made,3.5,110,-143.6666667
Tim Hardaway Jr. Blocks,0.5,366,-629
Tim Hardaway Jr. Steals,0.5,-244,172
Tim Hardaway Jr. Steals + Blocks,1.5,136,-189
Tim Hardaway Jr. Turnovers,0.5,-163,118
Aaron Nesmith Points,9.5,102,-124
Andrew Nembhard Points,8.5,-128,-104.5
Andrew Nembhard Rebounds,3.5,-126,-106.5
Andrew Nembhard Assists,3.5,-117.5,-114.5
Andrew Nembhard Points + Rebounds + Assists,16.5,-120.5,-111.5
Andrew Nembhard Points + Rebounds,12.5,-123,-111
Andrew Nembhard Points + Assists,12.5,-117,-117
Andrew Nembhard Rebounds + Assists,7.5,-5,-128.5
Andrew Nembhard Three Points Made,1.5,102,-139
Andrew Nembhard Blocks,0.5,227,-339
Andrew Nembhard Steals,0.5,-244,172
Andrew Nembhard Steals + Blocks,1.5,112,-154
Andrew Nembhard Turnovers,1.5,-166,120
Bam Adebayo Points,21.5,18.8,-124.4
Bam Adebayo Assists,3.5,134.5,-175
Bam Adebayo Rebounds,10.5,-120.25,-6.5
Bam Adebayo Points + Rebounds + Assists,35.5,-108,-120.3333333
Bam Adebayo Points + Assists,24.5,-109,-125
Bam Adebayo Points + Rebounds,32.5,-111.5,-120.5
Bam Adebayo Rebounds + Assists,14.5,-104.5,-128
Bam Adebayo Blocks,0.5,-139,102
Bam Adebayo Steals,0.5,-184,133
Bam Adebayo Steals + Blocks,1.5,-125,-109
Bam Adebayo Turnovers,2.5,-135,-101
Bennedict Mathurin Rebounds,3.5,-158,128
Bennedict Mathurin Points,17.5,-118,-104
Bennedict Mathurin Assists,1.5,-108,-127
Bennedict Mathurin Points + Rebounds + Assists,23.5,-127,-108
Bennedict Mathurin Points + Rebounds,22.5,-108,-127
Bennedict Mathurin Points + Assists,19.5,-119,-115
Bennedict Mathurin Rebounds + Assists,5.5,-133,-103
Bennedict Mathurin Three Points Made,1.5,-133,-103
Bennedict Mathurin Blocks,0.5,366,-629
Bennedict Mathurin Steals,0.5,-154,112
Bennedict Mathurin Steals + Blocks,0.5,-204,146
Bennedict Mathurin Turnovers,1.5,-194,139
Buddy Hield Points,16.5,-109.5,-116.5
Buddy Hield Rebounds,4.5,-34.66666667,-128
Buddy Hield Assists,3.5,132,-167
Buddy Hield Points + Rebounds + Assists,24.5,-110,-120
Buddy Hield Points + Rebounds,20.5,-115,-119
Buddy Hield Points + Assists,19.5,-114,-118.5
Buddy Hield Rebounds + Assists,7.5,-117.5,-114.5
Buddy Hield Three Points Made,3.5,108,-148
Buddy Hield Blocks,0.5,252,-384
Buddy Hield Steals,0.5,-204,146
Buddy Hield Steals + Blocks,1.5,146,-204
Buddy Hield Turnovers,1.5,-199,143
Caleb Martin Points,9.5,-65,-123.6
Caleb Martin Rebounds,3.5,-146.4,114.2
Caleb Martin Assists,1.5,129,-179
Caleb Martin Points + Rebounds + Assists,14.5,-121,-113
Caleb Martin Points + Rebounds,13.5,-112.5,-119.5
Caleb Martin Points + Assists,10.5,-127,-108
Caleb Martin Rebounds + Assists,5.5,108,-148
Caleb Martin Three Points Made,1.5,152,-214
Caleb Martin Blocks,0.5,172,-244
Caleb Martin Steals,0.5,-179,129
Caleb Martin Steals + Blocks,1.5,143,-199
Caleb Martin Turnovers,0.5,-214,152
Chris Duarte Points,8.5,-131,-104
Chris Duarte Points + Rebounds + Assists,12.5,-119,-115
Chris Duarte Points + Rebounds,11.5,-127,-108
Chris Duarte Three Points Made,1.5,114,-157
Chris Duarte Turnovers,0.5,-244,172
Jalen Smith Rebounds,5.5,100,-137
Jalen Smith Points + Rebounds + Assists,13.5,-117,-117
Jalen Smith Points + Rebounds,12.5,-115,-119
Jalen Smith Rebounds + Assists,5.5,-127,-108
Jalen Smith Three Points Made,0.5,-139,102
Jalen Smith Turnovers,0.5,-214,152
Jalen Smith Points,7.5,-120,-102
Jimmy Butler Points,20.5,-110.8571429,-116
Jimmy Butler Assists,5.5,106.5,-135
Jimmy Butler Rebounds,6.5,-117.3333333,-107.3333333
Jimmy Butler Points + Rebounds + Assists,32.5,-115,-43.33333333
Jimmy Butler Points + Assists,25.5,-122.5,-109.5
Jimmy Butler Points + Rebounds,28.5,-110.5,-121.5
Jimmy Butler Rebounds + Assists,12.5,1,-134
Jimmy Butler Three Points Made,0.5,-104.6,-123.8
Jimmy Butler Blocks,0.5,106,-145
Jimmy Butler Steals,1.5,-115,-119
Jimmy Butler Steals + Blocks,2.5,126,-174
Jimmy Butler Turnovers,1.5,-189,136
Kyle Lowry Points,11.5,-123.8333333,-71.16666667
Kyle Lowry Rebounds,3.5,-150.3333333,115.3333333
Kyle Lowry Assists,5.5,59,-138
Kyle Lowry Points + Rebounds + Assists,21.5,-109.25,-120.5
Kyle Lowry Points + Rebounds,16.5,-108,-124.5
Kyle Lowry Points + Assists,17.5,-115,-117
Kyle Lowry Rebounds + Assists,9.5,-113,-119.5
Kyle Lowry Three Points Made,1.5,-174,126
Kyle Lowry Blocks,0.5,178,-254
Kyle Lowry Steals,0.5,-224,159
Kyle Lowry Steals + Blocks,1.5,123,-169
Kyle Lowry Turnovers,1.5,-148,108
Max Strus Points,8.5,-111.6666667,-116.3333333
Max Strus Points + Rebounds + Assists,12.5,-123,-111
Max Strus Points + Rebounds,11.5,-109,-125
Max Strus Points + Assists,10.5,-106,-129
Max Strus Three Points Made,1.5,-142,104
Max Strus Turnovers,0.5,-133,-103
Myles Turner Points,13.5,-118.3333333,-108
Myles Turner Rebounds,7.5,-131,103.75
Myles Turner Assists,1.5,147.2857143,-192.4285714
Myles Turner Points + Rebounds + Assists,22.5,-126.3333333,100
Myles Turner Points + Rebounds,21.5,-129,-106
Myles Turner Points + Assists,14.5,-131,-104
Myles Turner Rebounds + Assists,9.5,-122,-110.5
Myles Turner Three Points Made,1.5,131.6,-168.4
Myles Turner Blocks,2.5,136,-189
Myles Turner Steals,0.5,-111,-123
Myles Turner Steals + Blocks,2.5,-135,-101
Myles Turner Turnovers,1.5,-119,-115
T.J. McConnell Assists,3.5,102,-139
T.J. McConnell Rebounds + Assists,5.5,-109,-125
T.J. McConnell Three Points Made,0.5,287,-454
T.J. McConnell Turnovers,1.5,126,-174
Tyler Herro Points,20.5,-9.833333333,-116.5
Tyler Herro Assists,4.5,118.5,-149.1666667
Tyler Herro Rebounds,5.5,-110.1666667,-115.3333333
Tyler Herro Points + Rebounds + Assists,30.5,-108.4,-118.8
Tyler Herro Points + Assists,24.5,-110,-120
Tyler Herro Points + Rebounds,25.5,-116,-116
Tyler Herro Rebounds + Assists,9.5,-123.5,-108.5
Tyler Herro Three Points Made,2.5,-156.3333333,120.3333333
Tyler Herro Blocks,0.5,152,-214
Tyler Herro Steals,0.5,-189,136
Tyler Herro Steals + Blocks,1.5,136,-189
Tyler Herro Turnovers,2.5,120,-166
Tyrese Haliburton Points,18.5,-110.5,-114.5
Tyrese Haliburton Rebounds,3.5,-116.6666667,-111.3333333
Tyrese Haliburton Assists,8.5,-140,114
Tyrese Haliburton Points + Rebounds + Assists,31.5,-113,-119
Tyrese Haliburton Points + Rebounds,22.5,-114,-118
Tyrese Haliburton Points + Assists,27.5,-118.5,-113.5
Tyrese Haliburton Rebounds + Assists,12.5,-119.5,-112.5
Tyrese Haliburton Three Points Made,2.5,-123,-111
Tyrese Haliburton Blocks,0.5,178,-254
Tyrese Haliburton Steals,1.5,-119,-115
Tyrese Haliburton Steals + Blocks,1.5,-184,133
Tyrese Haliburton Turnovers,2.5,-142,104
Victor Oladipo Points,10.5,-2.5,-123.5
Victor Oladipo Rebounds,3.5,114,-157
Victor Oladipo Points + Rebounds + Assists,16.5,-108,-127
Victor Oladipo Points + Rebounds,13.5,-125,-109
Victor Oladipo Points + Assists,12.5,-125,-109
Victor Oladipo Rebounds + Assists,5.5,-117,-117
Victor Oladipo Three Points Made,1.5,143,-199
Victor Oladipo Steals + Blocks,1.5,146,-204
Victor Oladipo Turnovers,1.5,116,-160
Aleksej Pokusevski Points,8.5,-111,-116.6666667
Aleksej Pokusevski Rebounds,4.5,-143.5,115.5
Aleksej Pokusevski Assists,2.5,136,-189
Aleksej Pokusevski Points + Rebounds + Assists,16.5,-118,-108
Aleksej Pokusevski Points + Rebounds,13.5,-117,-115
Aleksej Pokusevski Points + Assists,10.5,-131,-104
Aleksej Pokusevski Rebounds + Assists,7.5,-108,-127
Aleksej Pokusevski Three Points Made,1.5,140.6666667,-188
Aleksej Pokusevski Blocks,0.5,-160,116
Aleksej Pokusevski Steals,0.5,-108,-127
Aleksej Pokusevski Steals + Blocks,1.5,108,-148
Aleksej Pokusevski Turnovers,1.5,112,-154
CJ McCollum Points,24.5,-118.6666667,-108
CJ McCollum Assists,7.5,116.75,-149
CJ McCollum Rebounds,5.5,-71.66666667,-121.8333333
Cj Mccollum Points + Rebounds + Assists,37.5,-114.5,-113.1666667
CJ McCollum Points + Assists,33.5,100,-137
CJ McCollum Points + Rebounds,30.5,-110,-120
CJ McCollum Rebounds + Assists,12.5,-110.5,-121.5
CJ McCollum Three Points Made,2.5,-168.6,129.4
CJ McCollum Blocks,0.5,152,-214
CJ McCollum Steals,0.5,-234,165
CJ McCollum Steals + Blocks,1.5,104,-142
CJ McCollum Turnovers,2.5,-142,104
Dyson Daniels Rebounds,3.5,-103,-129.5
Dyson Daniels Points + Rebounds + Assists,12.5,-113,-121
Dyson Daniels Rebounds + Assists,5.5,-151,110
Dyson Daniels Three Points Made,0.5,102,-139
Dyson Daniels Turnovers,1.5,159,-224
Dyson Daniels Points,6.5,-105,-125
Dyson Daniels Assists,2.5,105,-135
Dyson Daniels Points + Assists,9.5,105,-135
Dyson Daniels Points + Rebounds,10.5,-100,-130
Herbert Jones Points,11.5,-131.6666667,34.66666667
Herbert Jones Points + Rebounds + Assists,18.5,-124,-108
Herbert Jones Rebounds,4.5,112.6666667,-145
Herbert Jones Assists,2.5,115.5,-152.5
Herbert Jones Points + Rebounds,16.5,-113,-119
Herbert Jones Points + Assists,14.5,-114,-118
Herbert Jones Rebounds + Assists,6.5,-121.5,-110.5
Herbert Jones Three Points Made,1.5,165,-234
Herbert Jones Blocks,0.5,-106,-129
Herbert Jones Steals,1.5,-103,-133
Herbert Jones Steals + Blocks,2.5,133,-184
Herbert Jones Turnovers,1.5,102,-139
Jalen Williams Points,11.5,-117.1666667,-110.6666667
Jalen Williams Rebounds,3.5,-62,-126.6
Jalen Williams Assists,2.5,-132.6,23.2
Jalen Williams Points + Rebounds + Assists,17.5,-129,102
Jalen Williams Points + Rebounds,15.5,-107.5,-124.5
Jalen Williams Points + Assists,14.5,-112.5,-119.5
Jalen Williams Rebounds + Assists,6.5,3,-137.5
Jalen Williams Three Points Made,0.5,-163,118
Jalen Williams Blocks,0.5,172,-244
Jalen Williams Steals,0.5,-127,-108
Jalen Williams Steals + Blocks,0.5,-234,165
Jalen Williams Turnovers,1.5,-129,-106
Jonas Valanciunas Points,18.5,-112.3333333,-113.1666667
Jonas Valanciunas Rebounds,11.5,-115.6666667,-110
Jonas Valanciunas Points + Rebounds,29.5,-115,-119
Jonas Valanciunas Points + Rebounds + Assists,31.5,-114.2,-113.4
Jonas Valanciunas Assists,1.5,-190,145
Jonas Valanciunas Points + Assists,20.5,-108,-127
Jonas Valanciunas Rebounds + Assists,13.5,-129.5,-103
Jonas Valanciunas Three Points Made,0.5,-131,-104
Jonas Valanciunas Blocks,0.5,116,-160
Jonas Valanciunas Steals,0.5,110,-151
Jonas Valanciunas Steals + Blocks,0.5,-234,165
Jonas Valanciunas Turnovers,2.5,123,-169
Jose Alvarado Points,9.5,-125,-105
Jose Alvarado Assists,3.5,-160,120.5
Jose Alvarado Points + Rebounds + Assists,16.5,-129,-106
Jose Alvarado Points + Rebounds,12.5,-127,-108
Jose Alvarado Points + Assists,14.5,-104.5,-127.5
Jose Alvarado Rebounds + Assists,6.5,-125,-109
Jose Alvarado Three Points Made,1.5,126,-174
Jose Alvarado Steals,1.5,139,-194
Jose Alvarado Steals + Blocks,1.5,114,-157
Jose Alvarado Turnovers,1.5,-121,-113
Josh Giddey Points,14.5,-121.3333333,-72.66666667
Josh Giddey Assists,5.5,-119.1666667,-40.5
Josh Giddey Rebounds,8.5,110,-138.5
Josh Giddey Points + Rebounds + Assists,28.5,-114.5,-113.6666667
Josh Giddey Points + Assists,20.5,-120.5,-111.5
Josh Giddey Points + Rebounds,22.5,-131,-104
Josh Giddey Rebounds + Assists,13.5,-121.5,-110.5
Josh Giddey Three Points Made,0.5,-214,152
Josh Giddey Blocks,0.5,213,-314
Josh Giddey Steals,0.5,-174,126
Josh Giddey Steals + Blocks,1.5,159,-224
Josh Giddey Turnovers,2.5,-184,133
Kenrich Williams Rebounds,4.5,106,-145
Kenrich Williams Points + Rebounds + Assists,13.5,-117,-117
Kenrich Williams Points + Rebounds,11.5,-131,-104
Kenrich Williams Rebounds + Assists,5.5,-160,116
Kenrich Williams Three Points Made,0.5,-145,106
Kenrich Williams Turnovers,0.5,-119,-115
Kenrich Williams Points,7.5,-110,-120
Luguentz Dort Points,14.5,-115.1428571,-111.4285714
Luguentz Dort Rebounds,3.5,-144.2,112
Luguentz Dort Points + Rebounds,18.5,-117,-115
Luguentz Dort Three Points Made,2.5,138.5,-176.5
Luguentz Dort Points + Rebounds + Assists,20.5,-124,-2.5
Luguentz Dort Assists,2.5,110,-151
Luguentz Dort Points + Assists,17.5,-109,-125
Luguentz Dort Rebounds + Assists,6.5,-111,-123
Luguentz Dort Blocks,0.5,172,-244
Luguentz Dort Steals,0.5,-194,139
Luguentz Dort Steals + Blocks,1.5,120,-166
Luguentz Dort Turnovers,1.5,-131,-104
Naji Marshall Points,12.5,-104.5,-128
Naji Marshall Rebounds,4.5,-118.5,-113.5
Naji Marshall Assists,2.5,-160,120.5
Naji Marshall Points + Rebounds + Assists,19.5,-111,-123
Naji Marshall Points + Rebounds,16.5,-111,-123
Naji Marshall Points + Assists,15.5,-106.5,-126
Naji Marshall Rebounds + Assists,7.5,-118.5,-113.5
Naji Marshall Three Points Made,1.5,139,-194
Naji Marshall Blocks,0.5,152,-214
Naji Marshall Steals,0.5,-214,152
Naji Marshall Steals + Blocks,1.5,116,-160
Naji Marshall Turnovers,1.5,-111,-123
S. Gilgeous-Alexander Points,30.5,-120,-110
S. Gilgeous-Alexander Assists,5.5,-110,-120
S. Gilgeous-Alexander Rebounds,4.5,-100,-130
S. Gilgeous-Alexander Points + Rebounds + Assists,40.5,-125,-105
S. Gilgeous-Alexander Points + Assists,36.5,-115,-115
S. Gilgeous-Alexander Points + Rebounds,35.5,-115,-115
S. Gilgeous-Alexander Rebounds + Assists,9.5,-130,-100
Shai Gilgeous-Alexander Rebounds,4.5,-69.25,-56.5
Shai Gilgeous-Alexander Assists,5.5,-32,-33.6
Shai Gilgeous-Alexander Points,30.5,-115.75,-110.75
Shai Gilgeous-Alexander Three Points Made,1.5,159,-210.8
Shai Gilgeous-Alexander Points + Rebounds + Assists,41.5,-115.5,-110
Shai Gilgeous-Alexander Points + Rebounds,34.5,-121,-113
Shai Gilgeous-Alexander Points + Assists,35.5,-115,-119
Shai Gilgeous-Alexander Rebounds + Assists,10.5,-103,-133
Shai Gilgeous-Alexander Blocks,0.5,-154,112
Shai Gilgeous-Alexander Steals,1.5,120,-166
Shai Gilgeous-Alexander Steals + Blocks,2.5,123,-169
Shai Gilgeous-Alexander Turnovers,3.5,104,-142
Trey Murphy Rebounds,5.5,112,-140
Trey Murphy Points,14.5,-110.5,-114.5
Trey Murphy Points + Rebounds,20.5,105,-135
Trey Murphy III Points,3.5,-151,110
Trey Murphy III Rebounds,1.5,114,-157
Trey Murphy III Assists,1.5,-113,-121
Trey Murphy III Points + Rebounds + Assists,21.5,-123,-111
Trey Murphy III Points + Rebounds,19.5,-129,-106
Trey Murphy III Points + Assists,16.5,-111,-123
Trey Murphy III Rebounds + Assists,6.5,-137,100
Trey Murphy III Three Points Made,2.5,139,-194
Trey Murphy III Blocks,0.5,136,-189
Trey Murphy III Steals,0.5,-244,172
Trey Murphy III Steals + Blocks,1.5,-103,-133
Trey Murphy III Turnovers,1.5,152,-214
Aaron Gordon Points,17.5,-113.6,-112.8
Aaron Gordon Assists,2.5,129,-163.5
Aaron Gordon Rebounds,6.5,34.5,-127.1666667
Aaron Gordon Points + Rebounds + Assists,26.5,-109.8,-117.8
Aaron Gordon Points + Assists,18.5,-115,-115
Aaron Gordon Points + Rebounds,22.5,-125,-105
Aaron Gordon Rebounds + Assists,8.5,-113,-119
Aaron Gordon Three Points Made,0.5,-177.2,136
Aaron Gordon Blocks,0.5,-135,-101
Aaron Gordon Steals,0.5,-160,116
Aaron Gordon Steals + Blocks,1.5,-111,-123
Aaron Gordon Turnovers,1.5,-145,106
Anfernee Simons Points,20.5,-112,-114.2857143
Anfernee Simons Rebounds,2.5,-113.5714286,-113.2857143
Anfernee Simons Assists,3.5,-138,110
Anfernee Simons Points + Rebounds + Assists,27.5,-109.8333333,-118.5
Anfernee Simons Points + Rebounds,23.5,-105.5,-126.5
Anfernee Simons Points + Assists,24.5,-113.5,-118.5
Anfernee Simons Rebounds + Assists,6.5,-119.5,-113
Anfernee Simons Three Points Made,3.5,-127.8,-21.4
Anfernee Simons Blocks,0.5,448,-854
Anfernee Simons Steals,0.5,-154,112
Anfernee Simons Steals + Blocks,0.5,-194,139
Anfernee Simons Turnovers,1.5,-194,139
Damian Lillard Points,28.5,-113.25,-62.25
Damian Lillard Rebounds,3.5,-113.1428571,-113.7142857
Damian Lillard Assists,7.5,-145.5,115.5
Damian Lillard Points + Rebounds + Assists,40.5,-114.2,-113
Damian Lillard Points + Rebounds,32.5,-115,-115
Damian Lillard Points + Assists,35.5,-129,-106
Damian Lillard Rebounds + Assists,11.5,-126,-7.5
Damian Lillard Three Points Made,4.5,119,-151
Damian Lillard Blocks,0.5,311,-504
Damian Lillard Steals,0.5,-160,116
Damian Lillard Steals + Blocks,0.5,-234,165
Damian Lillard Turnovers,3.5,104,-142
Drew Eubanks Points,5.5,-38,-122.6666667
Drew Eubanks Rebounds,4.5,112.6666667,-146
Drew Eubanks Turnovers,0.5,-106,-129
Drew Eubanks Points + Rebounds,9.5,-125,-105
Jamal Murray Assists,5.5,-145,112.6666667
Jamal Murray Rebounds,3.5,-123,-39.33333333
Jamal Murray Points,17.5,-117.5,-107.5
Jamal Murray Points + Rebounds + Assists,27.5,-115,-115
Jamal Murray Points + Assists,24.5,-111,-123
Jamal Murray Points + Rebounds,21.5,-115,-115
Jamal Murray Rebounds + Assists,9.5,-127.5,-105.5
Jamal Murray Three Points Made,1.5,-166,120
Jamal Murray Blocks,0.5,311,-504
Jamal Murray Steals,0.5,-234,165
Jamal Murray Steals + Blocks,1.5,133,-184
Jamal Murray Turnovers,2.5,102,-139
Jerami Grant Points,21.5,-116.375,-110.75
Jerami Grant Rebounds,4.5,121.8571429,-155.4285714
Jerami Grant Assists,2.5,-77.85714286,-120.7142857
Jerami Grant Points + Rebounds + Assists,28.5,-111.6666667,-116.5
Jerami Grant Points + Rebounds,25.5,-115,-115
Jerami Grant Points + Assists,24.5,-108.5,-123.5
Jerami Grant Rebounds + Assists,6.5,-130,-103
Jerami Grant Three Points Made,2.5,124,-157
Jerami Grant Blocks,0.5,-163,118
Jerami Grant Steals,0.5,-214,152
Jerami Grant Steals + Blocks,1.5,-157,114
Jerami Grant Turnovers,1.5,-166,120
Josh Hart Points,9.5,-115.8571429,-111.1428571
Josh Hart Rebounds,7.5,-123.8333333,30.83333333
Josh Hart Assists,3.5,118.1428571,-151.7142857
Josh Hart Points + Rebounds + Assists,20.5,-121.4,-105.4
Josh Hart Points + Rebounds,17.5,-119,-113
Josh Hart Points + Assists,13.5,-105.5,-126.5
Josh Hart Rebounds + Assists,10.5,-140,105.5
Josh Hart Three Points Made,0.5,-131,-104
Josh Hart Blocks,0.5,431,-804
Josh Hart Steals,1.5,165,-234
Josh Hart Steals + Blocks,1.5,129,-179
Josh Hart Turnovers,1.5,-101,-135
Jusuf Nurkic Points,13.5,-6,-121
Jusuf Nurkic Rebounds,9.5,-110.2857143,-116.8571429
Jusuf Nurkic Assists,2.5,-124,-46.71428571
Jusuf Nurkic Points + Rebounds + Assists,25.5,-107.3333333,-121.6666667
Jusuf Nurkic Points + Rebounds,22.5,-111,-123
Jusuf Nurkic Points + Assists,16.5,-125,-105
Jusuf Nurkic Rebounds + Assists,12.5,-109,-123
Jusuf Nurkic Three Points Made,0.5,108,-148
Jusuf Nurkic Blocks,0.5,-119,-115
Jusuf Nurkic Steals,0.5,-194,139
Jusuf Nurkic Steals + Blocks,1.5,-119,-115
Jusuf Nurkic Turnovers,2.5,143,-199
K. Caldwell-Pope Points,10.5,-125,-105
K. Caldwell-Pope Rebounds,2.5,-135,105
K. Caldwell-Pope Points + Rebounds,14.5,105,-135
Kentavious Caldwell-Pope Points,11.5,-72,-115.6
Kentavious Caldwell-Pope Rebounds,2.5,-151,117.5
Kentavious Caldwell-Pope Assists,1.5,-199,143
Kentavious Caldwell-Pope Points + Rebounds + Assists,16.5,-117,-111.6666667
Kentavious Caldwell-Pope Points + Rebounds,14.5,-117,-117
Kentavious Caldwell-Pope Points + Assists,13.5,-121,-113
Kentavious Caldwell-Pope Rebounds + Assists,4.5,-166,120
Kentavious Caldwell-Pope Three Points Made,1.5,-168,127.3333333
Kentavious Caldwell-Pope Blocks,0.5,196,-284
Kentavious Caldwell-Pope Steals,0.5,-234,165
Kentavious Caldwell-Pope Steals + Blocks,1.5,114,-157
Kentavious Caldwell-Pope Turnovers,0.5,-234,165
Nikola Jokic Points,26.5,-104,-121.6
Nikola Jokic Assists,9.5,-117.8571429,-109.7142857
Nikola Jokic Rebounds,11.5,-130.5714286,73.42857143
Nikola Jokic Points + Rebounds + Assists,47.5,-119,-109
Nikola Jokic Points + Assists,34.5,-125,-109
Nikola Jokic Points + Rebounds,37.5,-116.5,-115.5
Nikola Jokic Rebounds + Assists,21.5,-113,-120
Nikola Jokic Three Points Made,0.5,-170.6,131.8
Nikola Jokic Blocks,0.5,-145,106
Nikola Jokic Steals,1.5,104,-142
Nikola Jokic Steals + Blocks,2.5,123,-169
Nikola Jokic Turnovers,3.5,-169,123
Shaedon Sharpe Three Points Made,0.5,-121,-113
Shaedon Sharpe Turnovers,0.5,106,-145
Trendon Watford Rebounds,4.5,119,-153.6666667
Trendon Watford Rebounds + Assists,5.5,-117,-117
Trendon Watford Three Points Made,0.5,196,-284
Trendon Watford Turnovers,0.5,-163,118
Trendon Watford Points,5.5,-117.5,-107.5
Trendon Watford Points + Rebounds,10.5,105,-135
Chris Paul Points,16.5,-114.8,-111.6
Chris Paul Rebounds,4.5,-125.8571429,-45.42857143
Chris Paul Assists,10.5,-113.5,-111.8333333
Chris Paul Points + Rebounds + Assists,31.5,-122,-108
Chris Paul Points + Rebounds,20.5,-115,-115
Chris Paul Points + Assists,26.5,-118.5,-114
Chris Paul Rebounds + Assists,15.5,-117,-115
Chris Paul Three Points Made,1.5,-148,114.4
Chris Paul Blocks,0.5,252,-384
Chris Paul Steals,1.5,104,-142
Chris Paul Steals + Blocks,1.5,-135,-101
Chris Paul Turnovers,2.5,-142,104
Deandre Ayton Points,19.5,-112.6666667,-113
Deandre Ayton Rebounds,10.5,54,-132
Deandre Ayton Assists,1.5,-139.6,108.8
Deandre Ayton Points + Rebounds + Assists,31.5,-112.2,-115
Deandre Ayton Points + Rebounds,29.5,-119,-115
Deandre Ayton Points + Assists,21.5,-115,-119
Deandre Ayton Rebounds + Assists,11.5,-131,-104
Deandre Ayton Three Points Made,0.5,448,-854
Deandre Ayton Blocks,0.5,-163,118
Deandre Ayton Steals,0.5,165,-234
Deandre Ayton Steals + Blocks,1.5,139,-194
Deandre Ayton Turnovers,1.5,-174,126
Desmond Bane Points,16.5,-35.33333333,-123.3333333
Desmond Bane Three Points Made,2.5,104,-132
Dillon Brooks Points,16.5,-104.25,-122.25
Dillon Brooks Rebounds,3.5,19.4,-128.6
Dillon Brooks Assists,2.5,-111,-123
Dillon Brooks Points + Rebounds + Assists,22.5,-103,-124
Dillon Brooks Points + Rebounds,19.5,-120,-110
Dillon Brooks Points + Assists,20.5,106,-145
Dillon Brooks Rebounds + Assists,6.5,-103,-133
Dillon Brooks Three Points Made,2.5,145,-186
Dillon Brooks Blocks,0.5,334,-554
Dillon Brooks Steals,0.5,-204,146
Dillon Brooks Steals + Blocks,1.5,165,-234
Dillon Brooks Turnovers,1.5,-133,-103
Ja Morant Points,27.5,-120.7142857,-106.7142857
Ja Morant Rebounds,6.5,-72.16666667,-120.5
Ja Morant Assists,7.5,-110.5,-115.1666667
Ja Morant Points + Rebounds + Assists,42.5,-106.5,-120.5
Ja Morant Points + Rebounds,33.5,-125,-105
Ja Morant Points + Assists,35.5,-106.5,-126
Ja Morant Rebounds + Assists,13.5,-135,105
Ja Morant Three Points Made,1.5,-121.2,-27
Ja Morant Blocks,0.5,236,-354
Ja Morant Steals,1.5,165,-234
Ja Morant Steals + Blocks,1.5,112,-154
Ja Morant Turnovers,3.5,-131,-104
Jaren Jackson Jr. Points,14.5,-109.5,-118.375
Jaren Jackson Jr. Rebounds,5.5,-135.6666667,73.33333333
Jaren Jackson Jr. Assists,0.5,-151,110
Jaren Jackson Jr. Points + Rebounds + Assists,21.5,-109,-125
Jaren Jackson Jr. Points + Rebounds,20.5,-109,-123
Jaren Jackson Jr. Points + Assists,14.5,-125,-109
Jaren Jackson Jr. Rebounds + Assists,6.5,-157,114
Jaren Jackson Jr. Three Points Made,1.5,-19,-130.6
Jaren Jackson Jr. Blocks,1.5,-224,159
Jaren Jackson Jr. Steals,0.5,-135,-101
Jaren Jackson Jr. Steals + Blocks,2.5,-145,106
Jaren Jackson Jr. Turnovers,1.5,123,-169
Mikal Bridges Points,18.5,-77.71428571,-120.2857143
Mikal Bridges Rebounds,4.5,14.57142857,-128.7142857
Mikal Bridges Assists,2.5,-151.8571429,118.4285714
Mikal Bridges Points + Rebounds + Assists,25.5,-116.5,-112.5
Mikal Bridges Points + Rebounds,22.5,-117,-115
Mikal Bridges Points + Assists,21.5,-109.5,-122.5
Mikal Bridges Rebounds + Assists,7.5,-2,-130
Mikal Bridges Three Points Made,2.5,141.8,-185.8
Mikal Bridges Blocks,0.5,-142,104
Mikal Bridges Steals,1.5,178,-254
Mikal Bridges Steals + Blocks,1.5,-160,116
Mikal Bridges Turnovers,1.5,152,-214
Steven Adams Points,8.5,48.5,-128
Steven Adams Rebounds,10.5,37.16666667,-132.1666667
Steven Adams Assists,2.5,126,-174
Steven Adams Points + Rebounds + Assists,20.5,-115,-12.5
Steven Adams Points + Rebounds,18.5,-112,-120
Steven Adams Points + Assists,10.5,-108,-127
Steven Adams Rebounds + Assists,12.5,-119,-115
Steven Adams Blocks,0.5,-125,-109
Steven Adams Steals,0.5,-151,110
Steven Adams Steals + Blocks,1.5,-103,-133
Steven Adams Turnovers,1.5,-104,-131
Torrey Craig Points,9.5,-123.6666667,-71.5
Torrey Craig Rebounds,6.5,108,-136
Torrey Craig Assists,1.5,-157,114
Torrey Craig Points + Rebounds + Assists,18.5,-104,-131
Torrey Craig Points + Rebounds,16.5,-107,-125
Torrey Craig Points + Assists,11.5,-129,-106
Torrey Craig Rebounds + Assists,8.5,-101,-135
Torrey Craig Three Points Made,1.5,-118.3333333,-110.3333333
Torrey Craig Blocks,0.5,-137,100
Torrey Craig Steals,0.5,-148,108
Torrey Craig Steals + Blocks,1.5,-104,-131
Torrey Craig Turnovers,0.5,-184,133
Bradley Beal Assists,5.5,-47.71428571,-122.2857143
Bradley Beal Rebounds,4.5,43,-128.1428571
Bradley Beal Points,25.5,-117.3333333,-110.1666667
Bradley Beal Points + Rebounds + Assists,35.5,-118.5,-110.25
Bradley Beal Points + Assists,31.5,-116.5,-115.5
Bradley Beal Points + Rebounds,30.5,-113.5,-118.5
Bradley Beal Rebounds + Assists,9.5,-136.5,1.5
Bradley Beal Three Points Made,1.5,102.8,-132.6
Bradley Beal Blocks,0.5,159,-224
Bradley Beal Steals,0.5,-194,139
Bradley Beal Steals + Blocks,1.5,120,-166
Bradley Beal Turnovers,2.5,-139,102
Davion Mitchell Points,6.5,-110,-120
Davion Mitchell Three Points Made,0.5,-137,100
Davion Mitchell Turnovers,0.5,-184,133
De'aaron Fox Rebounds,4.5,-112.2857143,-114.1428571
De'aaron Fox Points,24.5,-115.25,-111.75
De'aaron Fox Assists,5.5,-139.75,111.25
De'Aaron Fox Points + Rebounds + Assists,35.5,-77.33333333,-117.1666667
De'Aaron Fox Points + Assists,30.5,-115,-117
De'Aaron Fox Points + Rebounds,28.5,-127,-108
De'Aaron Fox Rebounds + Assists,10.5,-127.5,-105.5
De'Aaron Fox Three Points Made,1.5,-126,-62.8
De'Aaron Fox Blocks,0.5,159,-224
De'Aaron Fox Steals,0.5,-214,152
De'Aaron Fox Steals + Blocks,1.5,114,-157
De'Aaron Fox Turnovers,2.5,-131,-104
Domantas Sabonis Rebounds,13.5,-126,-16.71428571
Domantas Sabonis Points,20.5,-113.2,-111.6
Domantas Sabonis Assists,6.5,-127.8571429,13.57142857
Domantas Sabonis Points + Rebounds + Assists,41.5,-111.5,-114
Domantas Sabonis Points + Assists,26.5,-120,-112
Domantas Sabonis Points + Rebounds,33.5,-124,-108
Domantas Sabonis Rebounds + Assists,20.5,-127,-6.5
Domantas Sabonis Three Points Made,0.5,172,-244
Domantas Sabonis Blocks,0.5,108,-148
Domantas Sabonis Steals,0.5,-174,126
Domantas Sabonis Steals + Blocks,1.5,108,-148
Domantas Sabonis Turnovers,2.5,-160,116
Harrison Barnes Rebounds,5.5,-112.4285714,-114.1428571
Harrison Barnes Points,14.5,-125,-1.5
Harrison Barnes Points + Rebounds,20.5,-129,-106
Harrison Barnes Three Points Made,1.5,149.8,-195.8
Harrison Barnes Points + Rebounds + Assists,22.5,-121,-106.8
Harrison Barnes Assists,1.5,-174,126
Harrison Barnes Points + Assists,17.5,-115,-119
Harrison Barnes Rebounds + Assists,7.5,-123,-111
Harrison Barnes Blocks,0.5,345,-579
Harrison Barnes Steals,0.5,-142,104
Harrison Barnes Steals + Blocks,0.5,-204,146
Harrison Barnes Turnovers,1.5,143,-199
Keegan Murray Points,13.5,-119.375,-108.25
Keegan Murray Rebounds,4.5,109.5714286,-140.4285714
Keegan Murray Assists,0.5,-157,114
Keegan Murray Points + Rebounds + Assists,19.5,-111,-114.5
Keegan Murray Points + Rebounds,18.5,-107,-125
Keegan Murray Points + Assists,14.5,-125,-109
Keegan Murray Rebounds + Assists,4.5,-154,112
Keegan Murray Three Points Made,2.5,142.6,-185.6
Keegan Murray Blocks,0.5,-104,-131
Keegan Murray Steals,0.5,-125,-109
Keegan Murray Steals + Blocks,1.5,123,-169
Keegan Murray Turnovers,0.5,-244,172
Kevin Huerter Points,14.5,-114.75,-87.875
Kevin Huerter Rebounds,3.5,114.4,-148.4
Kevin Huerter Assists,2.5,-148.6666667,116.3333333
Kevin Huerter Points + Rebounds + Assists,20.5,-119,-107
Kevin Huerter Points + Rebounds,18.5,-119,-115
Kevin Huerter Points + Assists,17.5,-129,-106
Kevin Huerter Rebounds + Assists,6.5,-109,-125
Kevin Huerter Three Points Made,2.5,57,-126.2
Kevin Huerter Blocks,0.5,247,-374
Kevin Huerter Steals,0.5,-204,146
Kevin Huerter Steals + Blocks,1.5,139,-194
Kevin Huerter Turnovers,1.5,133,-184
Malik Monk Points,13.5,-113.5,-115
Malik Monk Assists,3.5,116,-160
Malik Monk Points + Rebounds + Assists,18.5,-117,-117
Malik Monk Points + Rebounds,15.5,-119,-115
Malik Monk Points + Assists,16.5,-123,-111
Malik Monk Rebounds + Assists,5.5,-108,-127
Malik Monk Three Points Made,1.5,-117,-117
Malik Monk Turnovers,1.5,-115,-119
Dennis Schroder Assists,4.5,47.42857143,-134.1428571
Dennis Schroder Points,12.5,-123.7142857,-75.85714286
Dennis Schroder Points + Assists,16.5,-133,-103
Dennis Schroder Points + Rebounds + Assists,20.5,102,-129.5
Dennis Schroder Three Points Made,1.5,157.2,-208.8
Dennis Schroder Rebounds,2.5,106,-145
Dennis Schroder Points + Rebounds,15.5,-129,-106
Dennis Schroder Rebounds + Assists,6.5,-131,-104
Dennis Schroder Blocks,0.5,548,-1204
Dennis Schroder Steals,0.5,-151,110
Dennis Schroder Steals + Blocks,0.5,-184,133
Dennis Schroder Turnovers,1.5,-145,106
Gordon Hayward Points,16.5,-107.75,-121
Gordon Hayward Rebounds,5.5,110,-142.6666667
Gordon Hayward Assists,3.5,119.6666667,-153.6666667
Gordon Hayward Points + Rebounds + Assists,24.5,-123.6666667,26.33333333
Gordon Hayward Points + Rebounds,21.5,-116.5,-115.5
Gordon Hayward Points + Assists,19.5,-115.5,-116.5
Gordon Hayward Rebounds + Assists,8.5,-111.5,-121
Gordon Hayward Three Points Made,1.5,116,-160
Gordon Hayward Blocks,0.5,213,-314
Gordon Hayward Steals,0.5,-214,152
Gordon Hayward Steals + Blocks,1.5,118,-163
Gordon Hayward Turnovers,1.5,-121,-113
LaMelo Ball Points,23.5,-112,-113.5
LaMelo Ball Assists,7.5,-141,112.3333333
LaMelo Ball Rebounds,5.5,-120.8333333,-105.5
LaMelo Ball Points + Rebounds + Assists,36.5,-117.6666667,-111
Lamelo Ball Points + Assists,30.5,-123,-111
Lamelo Ball Points + Rebounds,28.5,-123,-111
Lamelo Ball Rebounds + Assists,13.5,-120.5,-111.5
LaMelo Ball Three Points Made,3.5,-113.6,-114.2
LaMelo Ball Blocks,0.5,252,-384
LaMelo Ball Steals,1.5,110,-151
LaMelo Ball Steals + Blocks,1.5,-127,-108
LaMelo Ball Turnovers,3.5,120,-166
LeBron James Points,31.5,-117.8333333,-110.5
LeBron James Rebounds,8.5,-127.4285714,42.42857143
LeBron James Assists,6.5,-130.1428571,15.57142857
LeBron James Points + Rebounds + Assists,47.5,-121,-107.6666667
LeBron James Points + Rebounds,40.5,-117,-115
LeBron James Points + Assists,37.5,-139,102
LeBron James Rebounds + Assists,15.5,-115.5,-116.5
LeBron James Three Points Made,2.5,144.6,-188.6
LeBron James Blocks,0.5,-145,106
LeBron James Steals,1.5,159,-224
LeBron James Steals + Blocks,1.5,-179,129
LeBron James Turnovers,3.5,126,-174
Lonnie Walker Points,15.5,-7.5,-118.5
Lonnie Walker Rebounds,2.5,-134.5,107.5
Lonnie Walker Points + Rebounds,18.5,-110,-120
Lonnie Walker IV Points,15.5,-111.3333333,-116.3333333
Lonnie Walker IV Rebounds,2.5,-150,116
Lonnie Walker IV Assists,1.5,108,-148
Lonnie Walker IV Points + Rebounds + Assists,19.5,-119.8,-108
Lonnie Walker IV Points + Rebounds,18.5,-123,-111
Lonnie Walker IV Points + Assists,17.5,-106,-129
Lonnie Walker IV Rebounds + Assists,4.5,100,-137
Lonnie Walker IV Three Points Made,2.5,150.6,-197.8
Lonnie Walker IV Blocks,0.5,202,-294
Lonnie Walker IV Steals,0.5,-125,-109
Lonnie Walker IV Steals + Blocks,0.5,-224,159
Lonnie Walker IV Turnovers,0.5,-214,152
Mason Plumlee Points,9.5,-118.3333333,-76.16666667
Mason Plumlee Assists,2.5,-130.4285714,44.71428571
Mason Plumlee Rebounds,8.5,-114.2857143,-112.8571429
Mason Plumlee Points + Rebounds + Assists,21.5,29,-125
Mason Plumlee Points + Assists,12.5,-114,-118
Mason Plumlee Points + Rebounds,18.5,-110.5,-121.5
Mason Plumlee Rebounds + Assists,11.5,-112,-120
Mason Plumlee Blocks,0.5,-142,104
Mason Plumlee Steals,0.5,-135,-101
Mason Plumlee Steals + Blocks,1.5,-103,-133
Mason Plumlee Turnovers,1.5,104,-142
P.J Washington Points,11.5,-122,100
P.J Washington Rebounds,4.5,102,-124
P.J. Washington Points,11.5,-130,-100
P.J. Washington Rebounds,4.5,33,-128.3333333
P.J. Washington Points + Rebounds,16.5,-115,-115
P.J. Washington Points + Rebounds + Assists,22.5,-122,-104
Patrick Beverley Points,6.5,-129.25,-0.5
Patrick Beverley Rebounds,3.5,-125.3333333,-37.33333333
Patrick Beverley Assists,2.5,-125.3333333,-103.6666667
Patrick Beverley Points + Rebounds + Assists,13.5,-117,-115
Patrick Beverley Points + Rebounds,10.5,-128.5,-5
Patrick Beverley Points + Assists,9.5,-122.5,-109.5
Patrick Beverley Rebounds + Assists,6.5,-109,-123
Patrick Beverley Three Points Made,0.5,-224,159
Patrick Beverley Blocks,0.5,-135,-101
Patrick Beverley Steals,0.5,-169,123
Patrick Beverley Steals + Blocks,1.5,-109,-125
Patrick Beverley Turnovers,1.5,159,-224
PJ Washington Points,12.5,1.5,-136.5
PJ Washington Rebounds,4.5,-108,-127
PJ Washington Assists,1.5,-131,-104
PJ Washington Points + Rebounds + Assists,17.5,-108,-127
PJ Washington Points + Rebounds,15.5,-125,-109
PJ Washington Points + Assists,12.5,-131,-104
PJ Washington Rebounds + Assists,6.5,-111,-123
PJ Washington Three Points Made,1.5,118,-163
PJ Washington Blocks,0.5,-145,106
PJ Washington Steals,0.5,-151,110
PJ Washington Steals + Blocks,1.5,-106,-129
PJ Washington Turnovers,1.5,146,-204
Russell Westbrook Assists,7.5,-38.33333333,-122.8333333
Russell Westbrook Points,15.5,12.57142857,-126
Russell Westbrook Rebounds,6.5,-122.1666667,-105.1666667
Russell Westbrook Points + Rebounds + Assists,29.5,-113.5,-112.5
Russell Westbrook Points + Assists,22.5,-115,-119
Russell Westbrook Points + Rebounds,21.5,-123,-111
Russell Westbrook Rebounds + Assists,13.5,-127,-108
Russell Westbrook Three Points Made,0.5,-159.2,123.2
Russell Westbrook Steals + Blocks,1.5,112,-154
Russell Westbrook Turnovers,3.5,123,-169
Thomas Bryant Points,15.5,-128.6666667,66.83333333
Thomas Bryant Rebounds,8.5,-118.4285714,-108.7142857
Thomas Bryant Points + Rebounds,24.5,-117,-115
Thomas Bryant Points + Rebounds + Assists,26.5,-106,-120
Thomas Bryant Assists,1.5,-111,-123
Thomas Bryant Points + Assists,17.5,-123,-111
Thomas Bryant Rebounds + Assists,10.5,-101,-135
Thomas Bryant Three Points Made,0.5,-199,143
Thomas Bryant Blocks,0.5,-179,129
Thomas Bryant Steals,0.5,106,-145
Thomas Bryant Steals + Blocks,1.5,108,-148
Thomas Bryant Turnovers,1.5,114,-157